0,1,2,3,4,5,6,label
1862.902,996.5221,1.8694036,3.6472247,9.147777,1.2164214e-08,1.8345873,1
2813.2942,1324.1223,2.1246483,5.277317,9.038878,0.008014265,1.8630524,8
2212.73,1114.4419,1.985505,4.2438416,7.8123126,-0.0040071276,1.8096703,6
2630.9277,1193.3447,2.204667,4.8778987,9.687698,0.0040071304,1.8259739,2
2732.2197,1409.1465,1.9389181,5.282355,9.58131,-9.73137e-09,1.8156118,0
2747.3315,1628.7559,1.686767,5.581744,8.554988,-0.0040071425,1.7943426,8
2273.0789,1069.1045,2.1261523,4.262989,7.9287987,0.004007129,1.7977653,9
2516.2607,1178.0488,2.1359563,4.7121296,7.9649906,-0.004007135,1.8264571,2
2599.8105,1260.4575,2.0625927,4.9238114,9.198346,0.0040071425,1.812117,0
2517.383,1401.0979,1.7967217,4.9980626,8.894743,-0.004007135,1.8119578,8
2278.3086,1212.1763,1.8795192,4.452149,6.957568,0.0040071253,1.8191501,5
2604.1113,1309.3145,1.9889121,4.9916143,8.0385475,0.0,1.8337171,3
2241.2598,1391.1914,1.6110362,4.6332283,6.3591304,0.004007134,1.8046485,9
2492.355,1459.7607,1.7073723,5.040964,7.6316395,0.008014269,1.8391954,9
1549.3296,965.46826,1.6047442,3.2076504,5.9826155,-0.004007135,1.8204281,1
1587.7457,813.5624,1.9515967,3.062893,6.9865494,9.73137e-09,1.828324,1
1866.2112,1168.513,1.5970821,3.8708215,6.0443363,-0.0120214075,1.8155522,4
2847.9326,1319.8081,2.1578383,5.3159957,10.474159,0.004007135,1.7876236,5
1670.8184,1020.0366,1.6379985,3.432213,6.683909,-4.865685e-09,1.7949144,1
2315.0999,1239.9934,1.867026,4.534558,7.9789705,0.0040071253,1.7807535,4
1776.7815,957.47974,1.8556857,3.4875782,7.3245473,4.865685e-09,1.7998893,1
2923.1067,1535.3933,1.9038162,5.6868625,9.103179,-0.008014265,1.8411492,0
2202.209,1226.7942,1.7950925,4.3737288,7.7415605,0.004007135,1.8121189,2
2323.3054,1277.8025,1.8182038,4.59325,7.2463408,-0.00801427,1.8280962,5
2388.7437,1187.8252,2.0110228,4.56195,8.536357,-0.004007134,1.8278937,8
2258.9514,1217.0398,1.8561032,4.4336624,7.0675025,-0.0040071383,1.8073579,9
2159.4717,1434.5332,1.505348,4.58419,6.5264235,0.0040071304,1.796128,9
2144.4922,1235.3887,1.7358847,4.3110723,6.7467675,0.008014263,1.8287867,9
2395.7012,1121.3892,2.1363692,4.4860845,8.995461,0.0040071383,1.7952365,4
2741.4097,1241.1836,2.208706,5.0798383,8.693381,-0.00801427,1.8091651,6
2394.213,1126.8594,2.1246777,4.4911637,9.088942,-1.2164213e-09,1.8019992,4
2364.5718,1216.5449,1.9436781,4.567751,9.556918,0.0,1.8158045,7
1488.93,844.8795,1.7622987,2.9767978,5.860986,0.0040071327,1.8036634,1
2261.8442,1065.5425,2.1227162,4.244116,6.849832,0.012021391,1.8051045,7
1978.8835,1167.8965,1.6943998,4.01375,6.6571975,-1.824632e-09,1.8146611,9
2311.398,1516.0789,1.5245895,4.8819857,6.933054,-0.0040071364,1.8050491,0
2521.6772,1338.8286,1.8834952,4.9241147,7.9346585,0.00801427,1.8008283,3
2717.148,1450.206,1.8736289,5.3155026,8.001043,0.0040071313,1.8258522,0
2067.3699,1120.3027,1.8453672,4.065909,6.829277,-0.008014265,1.7907544,7
2542.3174,1282.3647,1.9825228,4.8784213,8.494127,-0.008014266,1.8299156,9
2947.8027,1272.8867,2.3158405,5.3835325,10.436541,-1.2164213e-09,1.8026625,5
2940.936,1206.7905,2.4369895,5.2904677,9.698559,0.008014271,1.8391898,0
1980.7338,1193.5028,1.659597,4.048771,5.8576536,-0.0040071327,1.823427,6
2607.0615,1172.3113,2.2238646,4.8206286,9.017027,0.0040071253,1.7780327,8
2083.4832,993.4324,2.0972571,3.924637,6.9255652,9.73137e-09,1.8421863,9
1322.3215,795.26733,1.6627384,2.7010062,5.094923,-0.008014265,1.8068398,1
2559.7988,1098.9556,2.3293016,4.6667786,9.477438,-0.004007145,1.8222783,3
2533.6436,1247.438,2.0310779,4.8228083,8.948158,0.0,1.804334,3
1828.1824,895.1404,2.0423415,3.473626,7.3568497,0.00400714,1.8341492,1
1915.5234,1175.6157,1.6293789,3.9427795,5.4848423,-1.2164214e-08,1.8392533,5
2611.7144,1258.529,2.0752118,4.936535,8.3157425,0.012021402,1.8360449,3
2677.6616,1160.4475,2.3074389,4.8955474,9.746631,2.4328426e-09,1.8119859,3
2642.8364,1232.0278,2.145111,4.942429,9.924908,0.0,1.8187414,3
2710.9717,1280.4714,2.1171668,5.0911264,8.883483,0.0,1.8296394,2
2694.3472,1306.3564,2.06249,5.102938,10.594553,-6.082107e-09,1.8260071,2
2944.3848,1304.499,2.2571,5.4194946,10.629299,-0.00801427,1.8217862,0
2581.0188,1235.6082,2.088865,4.8681464,8.042547,-1.2164213e-09,1.7834812,0
2233.583,1051.6819,2.12382,4.1903887,7.271332,-0.008014265,1.8342453,5
1499.0765,717.24036,2.0900617,2.8269348,6.04989,-9.73137e-09,1.8168589,1
2465.4124,1254.5334,1.9652026,4.7448287,8.555204,4.865685e-09,1.8213316,4
2611.313,1216.772,2.1460989,4.8827615,9.850662,-0.00801427,1.8027713,6
2361.3442,1086.7495,2.1728506,4.398079,9.019071,-4.865685e-09,1.824113,4
1386.7026,964.8491,1.4372222,2.9994283,4.6404986,-4.865685e-09,1.8274786,1
2500.2075,1140.5376,2.1921308,4.6438074,8.726154,-0.004007129,1.8146206,3
1762.1382,982.90405,1.7927876,3.5013294,7.8310165,0.0040071253,1.8413346,1
2620.2139,1177.2458,2.2257152,4.8436985,8.805094,7.298528e-09,1.8341936,9
2679.8977,1338.1335,2.0027132,5.12504,9.088714,-0.0040071304,1.8170931,3
2028.4302,1633.603,1.241691,4.670961,5.32925,0.008014261,1.7775872,0
2786.4858,1410.6323,1.9753453,5.353467,9.304536,0.008014268,1.7980009,3
2165.536,1520.0671,1.4246317,4.701024,5.81167,0.004007127,1.8274707,9
2529.3652,1340.6755,1.8866348,4.9362764,7.4800386,0.008014265,1.8069166,6
1274.8066,1364.063,0.93456584,3.365905,4.5214734,0.0,1.7903384,4
2201.2764,1189.3752,1.8507837,4.3248105,7.376872,9.73137e-09,1.8533518,5
1953.4407,1333.8286,1.4645365,4.1929455,6.3520164,-0.0040071327,1.8197091,6
2410.4487,1085.2866,2.221025,4.458846,7.556716,0.004007135,1.7828447,2
1568.5835,869.4038,1.8042059,3.1096778,5.701447,0.004007135,1.813059,1
2547.5234,1185.9438,2.1480978,4.7620754,7.7480526,-0.0080142645,1.7925924,2
2627.024,1236.8501,2.123963,4.9284105,9.901336,-0.0040071374,1.8225418,4
2890.4556,1203.355,2.4019973,5.2216973,12.874438,9.73137e-09,1.8076677,0
2758.2974,1460.8911,1.8880924,5.381618,8.6852255,4.865685e-09,1.8379561,3
2744.4731,1168.3147,2.3490872,4.990801,9.079992,0.0040071374,1.8230404,2
2299.7847,1635.8923,1.4058288,5.019996,7.6575813,0.008014263,1.7988787,2
2167.2075,1188.0474,1.8241761,4.2796617,6.580298,0.00801427,1.8263096,5
2387.0015,1415.6113,1.6861984,4.850271,7.233971,0.004007147,1.835936,8
1844.2206,1235.0475,1.4932386,3.9276378,6.4961324,7.298528e-09,1.8419591,5
1910.794,1457.7866,1.3107501,4.296659,5.080069,-2.4328426e-09,1.8047518,6
2819.6855,1310.9863,2.1508124,5.268714,10.293842,-0.00801427,1.800218,3
2787.4658,1201.9868,2.3190486,5.0885878,9.329687,0.004007135,1.7979811,2
2549.8813,1265.2998,2.0152388,4.8663025,9.205941,0.0,1.8456852,3
1992.3347,1347.0715,1.4790118,4.2594466,6.2438912,7.298528e-09,1.8104416,2
2488.4739,1353.6211,1.838383,4.9006314,8.728034,0.00400714,1.8501651,5
2121.1592,1030.3345,2.0587094,4.0197625,7.2809362,-0.008014266,1.8098313,4
2518.2627,1445.9194,1.7416341,5.0563545,7.627358,-0.008014273,1.8129127,9
2538.5068,1149.0808,2.209163,4.7035556,10.436249,-0.004007147,1.7942908,2
2241.2712,1131.343,1.9810714,4.301804,9.26232,-0.004007135,1.8011577,7
2891.5054,1300.1216,2.224027,5.3464627,11.099988,0.008014263,1.8591286,0
2418.983,1487.3491,1.626372,4.9825664,7.3157024,-0.0040071327,1.7878597,2
2111.8572,1084.2166,1.9478186,4.076625,5.9399457,4.865685e-09,1.8365301,3
1997.1353,1050.8779,1.9004446,3.8877718,7.35272,0.004007137,1.8016382,7
1914.3436,1362.0568,1.40548,4.179082,5.6913886,-2.4328426e-09,1.8156626,9
2559.126,1223.3792,2.0918503,4.824624,8.582331,0.00400714,1.8414288,8
1680.4805,1075.084,1.5631155,3.5147505,6.310244,0.008014265,1.8424921,1
2341.4412,1161.4812,2.0159097,4.4680133,7.540147,-0.0040071304,1.7999512,6
2487.907,1166.06,2.133601,4.660672,8.013591,0.004007135,1.8146163,3
2234.0996,1134.0002,1.970105,4.296046,7.822537,-0.0040071276,1.8482758,4
2698.8928,1167.238,2.3122044,4.931289,9.491859,-0.0040071355,1.8180392,8
2572.7522,1148.7539,2.2396026,4.746819,8.544056,0.00801427,1.848858,2
2032.7188,1310.1685,1.5514942,4.263887,6.494885,-0.0040071327,1.78833,9
2658.2786,1273.5725,2.0872612,5.015116,9.543968,0.008014269,1.8281845,3
2189.0938,1398.9844,1.5647736,4.57663,7.1424127,0.0040071313,1.7778113,9
2426.4712,1315.1606,1.8449998,4.7724895,7.8617644,-0.00801427,1.8395239,5
1444.6714,689.3374,2.0957391,2.72195,5.8434134,0.0,1.7958919,1
2953.0881,1210.3118,2.43994,5.310459,10.444916,1.2164214e-08,1.8354594,0
1410.7375,720.33496,1.9584466,2.7182047,5.8470826,-0.004007135,1.7793462,1
2588.7637,1230.6221,2.103622,4.8716655,8.367374,2.4328426e-09,1.8168997,8
2385.273,1255.3477,1.9000895,4.6436486,9.231106,0.004007135,1.8024951,4
1558.1648,867.4468,1.7962656,3.0938923,6.127469,-2.4328426e-09,1.8111309,1
2415.1436,1356.7437,1.7801031,4.8110805,7.656269,0.004007135,1.7840363,5
2716.9944,1580.238,1.7193576,5.481164,9.791533,6.0821065e-10,1.831331,2
2566.1616,1196.8093,2.144169,4.799708,8.8440275,0.0040071323,1.7723974,6
2330.1602,1404.3616,1.659231,4.7634206,7.238107,0.0,1.7823035,2
2686.481,1182.7837,2.2713206,4.9352865,9.065348,-0.004007129,1.8156081,9
2791.2783,1207.1768,2.3122365,5.1000705,9.304357,-2.4328426e-09,1.8313143,3
2292.1633,1079.2551,2.1238382,4.3002787,7.645703,-0.0040071304,1.8288101,7
2532.0403,1480.0354,1.7107971,5.1174436,7.0122447,0.004007135,1.8357346,0
2194.5073,1169.2246,1.8768911,4.2904744,7.2899795,0.00400714,1.8316609,4
2291.1323,1265.8835,1.8099077,4.53701,7.3727674,0.008014265,1.8008428,9
2813.5054,1183.1992,2.3778796,5.0978374,9.532892,0.0040071304,1.8241382,2
2051.122,1096.3818,1.8708099,4.014673,6.679997,0.004007135,1.8288462,7
2346.7854,1103.196,2.1272604,4.4004865,7.6532154,0.0040071327,1.8188046,9
2467.5234,1065.7153,2.3153682,4.506682,9.696183,0.00400714,1.8187177,8
1670.3685,1269.0968,1.3161869,3.7493181,5.5610924,0.00801427,1.8304137,4
1803.4216,888.0735,2.0307121,3.4330294,7.1415076,-0.008014265,1.8232968,1
2040.7809,1439.3104,1.4178879,4.438892,5.9014816,0.01202141,1.8520868,3
2809.582,1476.4878,1.902882,5.4669256,8.966059,7.298528e-09,1.7949249,2
1872.9722,1492.5151,1.25491,4.292713,5.066348,-0.004007145,1.8464998,3
2546.2778,1352.6001,1.882506,4.9730587,7.3275495,0.004007135,1.8273863,6
2695.3271,1347.096,2.0008428,5.156152,9.711164,-2.4328426e-09,1.8151124,2
1783.9624,1361.9766,1.3098334,4.012677,4.779465,0.0040071327,1.7872437,6
1729.675,1092.2566,1.5835794,3.5994027,5.9585624,0.004007135,1.7973225,7
2516.2988,1090.1694,2.3081722,4.600087,9.075634,2.4328426e-09,1.8645103,9
2683.1177,1160.6338,2.3117695,4.9027443,9.77029,2.4328426e-09,1.8170023,2
2512.553,1068.1799,2.3521814,4.567261,8.735854,0.008014257,1.7789276,4
2506.5137,1358.4075,1.8451854,4.929746,8.070659,-6.082107e-09,1.7920902,5
1744.7203,1161.8326,1.5016968,3.707338,6.4208207,-7.298528e-09,1.7973864,4
2733.2017,1160.0552,2.3560963,4.965889,9.45057,-0.0040071253,1.8302639,5
1898.953,1173.7906,1.6177953,3.9193158,6.324157,0.0040071253,1.8104534,2
2594.3926,1157.2646,2.2418318,4.785277,11.668178,0.0,1.8234358,9
2851.292,1489.8989,1.9137486,5.5372334,12.122634,-0.004007123,1.8269937,2
2635.3804,1174.1873,2.2444293,4.8591423,8.766747,4.865685e-09,1.822901,2
1465.816,885.66345,1.6550486,2.999336,6.121511,-0.004007135,1.8103803,1
2725.3984,1258.8691,2.1649578,5.081974,8.9594,0.008014263,1.8088967,2
2264.113,993.2883,2.2794118,4.1548486,8.46978,0.00400714,1.8136406,7
2459.102,1449.5864,1.6964163,4.985572,7.523044,-0.0040071276,1.8322338,5
2627.423,1206.7869,2.1772056,4.890574,9.292812,0.008014268,1.778459,6
2388.85,1159.4219,2.0603805,4.525857,9.324198,0.008014263,1.8634827,2
2943.5837,1340.4934,2.1958957,5.464384,11.142903,-0.00801427,1.8684676,0
1718.9038,1034.4744,1.6616205,3.511962,5.531319,0.004007135,1.8058945,7
2448.8823,1267.6274,1.9318628,4.740446,8.203339,2.4328426e-09,1.8130432,9
2718.3503,1289.7893,2.1075926,5.112423,10.384549,-0.0040071253,1.851827,0
2477.9497,1173.395,2.111778,4.6573277,11.603308,-0.008014273,1.8173375,3
2326.0889,997.5625,2.3317726,4.2393513,9.175743,4.865685e-09,1.8519825,7
2358.5898,1058.4365,2.2283716,4.358452,9.0804205,-2.4328426e-09,1.8378972,7
2556.665,1130.4038,2.261727,4.7028937,8.58572,-4.865685e-09,1.8424215,2
2255.168,962.0962,2.3440151,4.1036534,7.7572465,9.73137e-09,1.8043646,7
2621.9087,1216.5679,2.1551685,4.896016,8.883545,0.004007123,1.8067911,5
2181.599,1410.5042,1.5466805,4.581764,6.6819615,0.004007136,1.805847,8
1721.5109,1080.764,1.5928646,3.5743303,5.7189426,0.0,1.8083712,6
2371.7322,1068.3386,2.220019,4.3878455,7.8873262,0.00400714,1.8175577,7
2408.3423,1416.5493,1.7001472,4.8786883,7.3163137,4.257475e-09,1.8334458,3
2283.7253,1210.8718,1.8860174,4.457394,6.453285,0.0,1.8779721,2
2314.3604,1289.5793,1.794663,4.596862,8.093257,9.73137e-09,1.7828062,6
2480.3516,1292.706,1.9187282,4.8125734,8.292614,0.008014275,1.7935797,2
1823.1287,1478.4333,1.233149,4.211176,5.3100696,0.004007135,1.8216027,9
1336.2488,862.11865,1.5499593,2.8040402,5.5075817,0.00400714,1.8358682,1
2499.117,1345.8569,1.8568964,4.9043036,8.297909,0.004007133,1.8306772,3
1906.3494,1237.7798,1.5401361,4.010369,5.818381,-0.008014269,1.8222305,4
2437.1414,1240.0984,1.9652807,4.6903567,8.095707,-2.4328426e-09,1.8655527,8
2916.7083,1617.8982,1.8027761,5.783937,8.651432,0.0040071304,1.8211433,0
2481.2036,1149.9946,2.1575785,4.6316304,8.16491,-4.865685e-09,1.8536656,6
2765.1624,1094.884,2.5255299,4.9235287,10.575228,0.004007135,1.8083371,6
2177.5432,1156.0344,1.8836318,4.2520123,7.261607,-0.0040071304,1.7721273,9
2021.1631,1250.7261,1.6159918,4.173328,5.952485,0.008014268,1.8189517,9
1885.7153,1209.4863,1.5591043,3.9479613,5.728018,-0.008014261,1.8092611,5
2672.9797,1238.2639,2.158651,4.988831,11.419465,-0.0040071327,1.8114789,6
2706.3271,1287.5076,2.1019893,5.094177,9.446288,-4.865685e-09,1.8607371,0
2373.7817,1095.9058,2.1660454,4.425622,9.288974,-0.0040071374,1.8249825,4
2161.3118,1086.5896,1.9890783,4.142731,6.8869767,0.0040071253,1.8294711,5
1632.9956,1051.063,1.553661,3.4235442,5.545814,0.00801427,1.8454552,4
2382.3428,1094.4849,2.1766796,4.434729,8.846196,0.00400714,1.7846367,7
1980.8079,1037.7488,1.9087547,3.8501997,6.620244,-0.0040071313,1.849027,7
2292.8826,1307.5491,1.7535728,4.592387,7.188651,-0.008014265,1.869859,0
2093.279,1182.3518,1.7704368,4.1781006,6.8455157,0.004007139,1.8077513,5
2772.484,1325.9585,2.090928,5.227605,9.318827,-0.0040071304,1.8152071,3
2898.333,1282.5283,2.2598588,5.3327312,9.725254,-0.0040071374,1.8477234,0
1746.3325,996.35156,1.7527273,3.4983215,7.7627563,-0.008014261,1.8471102,1
2226.7344,1152.958,1.931323,4.310832,8.912802,0.004007129,1.8264552,4
1904.7148,1282.9497,1.4846371,4.065899,5.350723,0.008014262,1.8171769,3
2580.773,1173.3252,2.1995378,4.7883906,8.600208,-0.004007135,1.8189182,6
2433.849,1166.3228,2.0867715,4.592056,8.47642,0.0,1.8133785,8
1914.7705,1045.5493,1.8313535,3.7759182,6.180409,0.004007131,1.8243328,6
1920.9066,1187.1154,1.6181297,3.9643137,6.5671325,0.0040071253,1.8009517,9
2154.4673,1172.1533,1.8380423,4.2431383,6.815672,-4.865685e-09,1.8317046,6
2253.1943,1037.7495,2.1712315,4.1976323,7.9057293,-0.0040071425,1.8296702,7
1764.2808,1252.3599,1.408765,3.847756,6.0045457,-0.0120214075,1.8430775,7
1713.1909,804.20703,2.130286,3.2109668,7.016118,-0.004007145,1.8068013,1
2386.9788,1218.8748,1.9583462,4.599303,9.262936,0.012021406,1.8445455,6
2024.7588,1216.77,1.6640439,4.134603,6.6259627,0.0080142645,1.8435986,6
1537.4731,753.468,2.0405288,2.922119,6.6917944,0.008014265,1.8201933,1
2523.1182,1263.0842,1.997585,4.82934,7.598966,0.0040071546,1.8624125,5
2555.0986,1330.8845,1.91985,4.956611,8.74612,-0.0040071374,1.8672969,3
1922.4319,1269.4675,1.5143608,4.0713005,6.449016,-0.00400714,1.7851095,8
2721.1035,1283.8201,2.1195364,5.1083207,10.825982,-0.0040071267,1.8130076,0
2621.1304,1235.4377,2.1216207,4.919092,8.735454,-0.008014268,1.825504,3
2304.4807,1082.689,2.128479,4.3203697,8.552079,-3.649264e-09,1.8000277,7
2200.681,1313.8914,1.6749337,4.482873,7.160438,0.0040071304,1.7969618,4
2766.4302,1428.5298,1.9365575,5.350714,9.252664,4.865685e-09,1.8317311,3
2295.7651,1263.0728,1.8176032,4.539334,7.434661,0.0,1.8683169,8
2448.9468,1223.9934,2.0007844,4.6848726,8.468734,9.73137e-09,1.7963498,2
1752.6057,868.0071,2.0191145,3.3426185,7.138766,0.0040071253,1.7993448,1
2815.1196,1343.7466,2.094978,5.304676,9.846822,0.004007135,1.8189999,2
2139.227,989.07495,2.1628563,3.9901812,7.3052015,-4.865685e-09,1.7939963,7
2772.2107,1330.6741,2.083313,5.2332716,8.705182,-0.0040071253,1.8347567,8
1995.3087,1480.8627,1.3473961,4.4338923,5.588255,-0.0040071253,1.8498673,3
2797.0718,1240.916,2.2540379,5.1504946,9.304198,0.008014265,1.8149507,8
2526.0886,1394.0286,1.8120781,5.0001493,7.3428144,0.012021415,1.80923,0
1749.5906,903.9917,1.9354056,3.3846712,8.164158,-0.0040071253,1.858833,1
2269.1748,1105.117,2.0533345,4.3039436,8.969468,0.01202141,1.8370887,2
2060.2925,1196.1353,1.7224578,4.153607,5.965176,0.008014265,1.8039216,3
1981.2539,994.292,1.9926279,3.795339,7.148899,-0.004007135,1.808219,9
1997.0468,1293.713,1.5436552,4.1973977,6.3903246,0.0,1.8024225,9
2244.0042,1237.2236,1.8137418,4.4403415,8.023904,0.008014269,1.8249918,4
2284.2832,979.84863,2.3312614,4.1634336,7.515543,2.4328426e-09,1.8061372,6
2432.8909,1042.5674,2.3335574,4.4329824,8.500907,-6.082107e-09,1.8147509,6
2367.7114,1289.1201,1.8366879,4.6643257,7.1584725,0.0040071304,1.8481182,3
2713.7397,1258.4907,2.1563447,5.0666203,8.962764,0.008014273,1.7911628,2
2123.9612,1489.1741,1.4262679,4.608591,7.3433256,-0.004007135,1.833526,9
2175.9182,1206.513,1.8034769,4.3143253,6.403413,0.0040071323,1.7805423,3
2965.1611,1278.3184,2.3195796,5.4126015,10.065319,4.865685e-09,1.8584071,0
2694.2808,1464.5825,1.8396237,5.3046727,8.228188,-6.082107e-09,1.8183026,8
1523.259,817.1765,1.8640515,2.9852495,6.8214283,-0.0040071304,1.8014996,1
2643.3472,1308.1045,2.0207462,5.040117,9.422575,0.004007134,1.8032748,3
2712.8804,1254.3479,2.1627815,5.0602403,10.111324,-0.0040071434,1.8064183,3
2277.6833,1201.1094,1.8963164,4.437236,7.08907,2.4328426e-09,1.8141861,6
2626.605,1444.987,1.817736,5.193357,10.463476,0.008014265,1.8290173,7
2206.127,1318.9648,1.6726199,4.4962907,6.79964,2.4328426e-09,1.8249394,9
2117.504,1244.7124,1.7011993,4.2885413,6.3282104,0.0040071285,1.8190813,3
1712.6038,1202.4846,1.4242209,3.718225,7.7153945,0.0040071253,1.8075684,1
1500.4299,767.70776,1.9544286,2.8930328,5.8311124,0.0,1.8372691,1
2686.7793,1276.78,2.10434,5.0555606,8.337402,-0.0040071253,1.8372508,0
2793.4287,1263.144,2.2114887,5.1742,10.649472,4.865685e-09,1.8275458,2
2506.0935,1245.7942,2.0116432,4.785571,8.509839,0.004007142,1.8669819,8
2161.3584,1102.5132,1.9603924,4.1631017,7.7017965,-0.0040071304,1.8275152,7
2927.6047,1213.9402,2.411655,5.2825828,9.663914,0.0040071313,1.8177736,2
2013.1646,1129.5947,1.7822007,4.0086217,7.0915346,0.008014273,1.8180611,4
2157.4397,1385.9333,1.5566691,4.5196085,6.777141,0.0040071276,1.8360281,8
1870.26,1283.9495,1.4566461,4.0232263,6.0353703,-0.008014259,1.8154328,4
2189.1895,1053.6875,2.0776458,4.1363225,7.267063,0.008014261,1.8076252,9
2202.8635,1108.2776,1.987646,4.2233944,7.2080855,-2.4328426e-09,1.7955587,7
2556.2766,1305.8665,1.957533,4.926203,8.214557,-2.4328426e-09,1.7868773,3
2629.5806,1132.6609,2.3215957,4.7987776,8.954288,-0.008014261,1.8363138,3
2579.9824,1305.4109,1.9763757,4.9558587,8.458458,0.008014265,1.7855161,8
2441.0283,1272.6304,1.9180969,4.7368097,9.133432,0.004007129,1.8125037,2
2648.8408,1151.4048,2.3005297,4.847252,9.219669,0.008014265,1.8258495,5
1955.3954,1292.1752,1.5132587,4.142309,5.5498686,-0.0080142645,1.8372042,5
1866.6436,1742.8945,1.071002,4.6040025,5.024421,0.004007135,1.8088061,8
1315.7799,894.8998,1.4703097,2.8197446,5.363,0.00801427,1.8292624,1
2435.7563,1091.7773,2.231001,4.4994054,7.9499345,4.865685e-09,1.8278264,7
2526.2322,1425.6882,1.7719387,5.0407147,8.335902,0.008014265,1.8185395,3
2763.2827,1336.1831,2.068042,5.2289104,11.221795,-0.004007135,1.860103,0
3017.4204,1515.7847,1.9906656,5.7821493,12.417966,-3.649264e-09,1.8405384,6
2408.709,1253.6157,1.9214094,4.6713324,8.540661,9.73137e-09,1.8215314,8
2659.0715,1200.3469,2.2152524,4.9227276,8.717677,-0.0040071304,1.8204217,5
2399.1729,1322.5039,1.814114,4.7470365,7.902499,0.0040071215,1.87786,8
2316.2295,1143.7217,2.025169,4.4132032,7.408776,0.012021399,1.8257223,6
1995.24,1197.5066,1.666162,4.072381,5.7917957,-0.004007135,1.8154237,5
2133.5332,1401.8076,1.5219872,4.509363,6.6135154,-0.004007135,1.7807134,8
2766.8643,1379.1523,2.0062065,5.2882867,9.598807,0.004007135,1.8251611,2
1569.6122,806.84875,1.9453611,3.0312002,6.1114316,0.0,1.8432071,1
1920.2773,1128.3691,1.7018166,3.8885796,6.8108644,0.0040071313,1.8007548,4
2776.2336,1486.7239,1.8673499,5.4374456,10.087958,0.008014275,1.796971,4
2351.671,1235.9717,1.9026899,4.5760746,7.616641,0.0040071276,1.816476,7
2258.2317,1492.6653,1.5128856,4.7843075,6.566119,0.0040071304,1.7931172,0
1952.9575,1442.2676,1.3540882,4.330644,5.403794,-0.004007134,1.8154701,2
2753.4302,1361.5962,2.0222075,5.2487583,11.821794,-0.004007135,1.8345677,3
2751.858,1287.0679,2.138083,5.151691,11.560732,-0.00400714,1.8367513,0
2578.482,1154.1973,2.2340045,4.7610703,10.176341,0.0,1.8141123,7
2441.9937,1269.5327,1.9235374,4.73409,8.348604,-4.865685e-09,1.7900157,7
2909.8728,1316.1301,2.2109308,5.39031,10.356285,-4.865685e-09,1.8640202,0
2540.0747,1260.9023,2.0144897,4.848185,8.673083,0.0,1.8257722,5
2041.1023,1418.7815,1.4386305,4.413117,6.4916964,-0.008014275,1.8493782,4
2863.6616,1378.6074,2.0772133,5.4110575,9.463668,-0.008014273,1.8391179,6
2095.567,1425.4121,1.4701481,4.4910445,6.278178,0.0040071253,1.8474733,9
2276.605,1066.6707,2.1343093,4.2643824,8.039499,0.0040071276,1.842032,6
2050.6858,1282.3357,1.5991801,4.2513027,6.329675,0.008014269,1.8423356,9
2495.5806,1242.7651,2.0080872,4.768298,9.319245,0.0,1.8385168,7
2409.9502,1181.293,2.0400953,4.5806675,7.847551,-9.73137e-09,1.8131164,6
2400.405,1346.4485,1.7827678,4.77915,7.440723,0.004007145,1.8083986,8
2072.2373,1126.3171,1.8398347,4.0797887,7.052184,6.690317e-09,1.8428704,4
2840.6682,1290.5667,2.2011015,5.269432,10.129016,4.865685e-09,1.828874,3
2326.8916,1100.3799,2.1146257,4.3715196,8.521234,-0.0040071397,1.8401557,4
2854.5679,1411.5698,2.0222647,5.441502,9.410879,0.004007135,1.8299417,8
2318.1382,1356.7627,1.7085804,4.6873736,7.432073,0.004007145,1.7703067,8
2761.663,1290.3105,2.1403089,5.1683335,11.011113,-0.0040071253,1.8506995,0
2526.852,1344.5681,1.8793038,4.938036,10.301568,-0.0040071374,1.8063434,5
2387.5017,1441.0334,1.6567982,4.8833356,7.221737,-0.008014273,1.8386803,0
2901.7725,1293.897,2.2426612,5.3516192,9.587152,-0.0040071374,1.8288202,0
2422.2686,1189.1147,2.0370352,4.606356,7.8965616,-0.008014275,1.78659,8
2343.2097,1097.8716,2.1343205,4.3891344,8.316131,0.0040071253,1.8198727,5
2780.924,1199.7595,2.3179011,5.0774026,9.735999,0.0040071304,1.8102739,0
2478.7622,1775.2339,1.3963017,5.4260154,6.546805,0.008014268,1.8120574,6
2765.8289,1182.9167,2.3381433,5.0366654,9.157105,-0.00801427,1.7981031,0
1638.8827,810.89905,2.0210688,3.1247215,6.743288,0.008014265,1.8178065,1
2349.3872,1280.4109,1.8348697,4.6298447,7.3349295,0.00400714,1.8200272,3
2490.994,1381.1843,1.8035202,4.939003,8.3685465,-7.298528e-09,1.7688179,6
2768.3462,1098.8511,2.5193098,4.9326496,9.837124,1.4597056e-08,1.8380607,0
1496.0942,827.8252,1.8072586,2.9641829,5.8580146,-0.004007135,1.8077079,1
2775.6064,1497.9438,1.8529443,5.450957,7.990288,0.004007135,1.8129349,2
2594.8062,1249.2434,2.0771022,4.9031243,8.093084,0.004007129,1.8228291,3
2619.9385,1400.2354,1.87107,5.127773,11.8261385,0.008014265,1.8266479,8
2705.2969,1242.81,2.176758,5.0358505,9.864781,-0.0040071253,1.7749174,8
2242.587,1159.0522,1.9348454,4.338825,7.9250236,0.008014275,1.8145877,4
1501.2034,830.1885,1.8082682,2.973714,5.9287367,0.0040071276,1.7896173,1
2116.7832,1326.5801,1.5956694,4.392045,6.7236547,-0.0040071327,1.8320391,6
1803.6826,964.66187,1.8697563,3.5310516,7.4131966,0.00400714,1.7980938,1
2368.525,1026.3677,2.3076768,4.33022,8.83783,0.0040071267,1.818554,4
2646.171,1227.4509,2.1558263,4.940844,8.490326,2.4328426e-09,1.8002545,2
1695.0706,833.3855,2.0339572,3.2250714,6.6048803,-2.736948e-09,1.8194911,1
2290.43,1489.7805,1.5374278,4.821697,6.753808,0.0,1.8445016,5
2039.7642,1031.0374,1.978361,3.9168386,7.0897036,-0.0040071313,1.7944599,7
1632.8884,1193.668,1.3679587,3.6053016,4.49065,-0.008014265,1.8269466,3
1877.9286,1369.5553,1.3711959,4.142199,5.890245,-0.008014261,1.8093925,9
2730.8276,1257.4521,2.171715,5.0870914,9.753462,-0.00801427,1.8442357,3
2369.1462,1138.6868,2.0805953,4.474277,8.577801,-4.865685e-09,1.8057845,7
2361.294,1264.0537,1.8680329,4.624168,7.039516,-0.004007135,1.7950802,3
1482.8855,912.2698,1.6254901,3.055045,5.9105678,0.0040071304,1.7773155,1
2279.9038,1153.1812,1.977056,4.378935,7.9302864,-0.0040071313,1.8365444,7
2400.6223,966.0781,2.4849153,4.294261,9.270633,0.004007135,1.8345178,9
1375.16,672.54456,2.044712,2.6118681,5.926071,-0.004007141,1.8801833,1
1899.4756,1091.2642,1.7406194,3.814719,6.6101165,-0.0040071313,1.8418189,4
2454.4072,1545.1931,1.5884145,5.101531,7.795591,-0.0040071304,1.7891638,6
2687.915,1285.8745,2.0903401,5.068609,8.642201,-4.865685e-09,1.8092461,3
1498.937,752.1655,1.9928286,2.8713043,6.4915357,0.0040071276,1.82418,1
2469.3188,1237.1802,1.995925,4.7276773,8.404164,-0.00801427,1.8349183,9
1906.223,849.5138,2.2438989,3.5149705,7.129534,0.0040071253,1.8194073,1
2770.1292,1355.239,2.0440152,5.261949,9.558812,-0.00400714,1.7909749,2
2411.5537,1149.1475,2.098559,4.541711,7.240624,0.0040071327,1.853456,5
2012.5038,1073.9166,1.8739852,3.9367607,6.9322433,0.0,1.8327543,4
1303.6741,776.1487,1.6796706,2.6528351,5.2832108,0.0040071374,1.8312465,1
2385.4277,1283.8574,1.8580161,4.6802106,8.7356825,0.008014263,1.8269491,8
2478.7412,1409.3035,1.7588414,4.9592404,7.0931106,-0.00801427,1.7825707,0
2668.288,1471.7666,1.8129832,5.280682,7.975242,0.0,1.8407011,0
2455.881,1075.5808,2.2833068,4.5044155,7.8203793,-0.0040071295,1.8272827,9
2192.9326,1105.1167,1.9843448,4.2066956,6.284753,0.0,1.8406576,3
2398.8242,1018.39014,2.3555062,4.3586917,8.842896,2.4328426e-09,1.8051853,2
1787.9895,1462.7136,1.2223784,4.146305,4.78957,3.649264e-09,1.8313105,3
1525.7568,1410.4185,1.081776,3.7451215,4.2374153,0.004007135,1.8215586,3
1845.9478,1199.3179,1.5391647,3.8842673,6.5570154,-0.0040071304,1.7708036,7
2346.721,1163.9485,2.0161724,4.477895,7.564311,0.0,1.8046085,2
2285.7114,1245.2983,1.835473,4.503839,7.072423,-0.00400714,1.8264767,9
2385.4878,1351.581,1.764961,4.7666693,7.2439322,0.0040071267,1.8092599,3
2473.5806,1381.7427,1.790189,4.9175043,7.4424963,0.004007135,1.8331789,8
1583.7358,749.6902,2.1125205,2.9763088,6.8063016,0.012021395,1.8490498,1
2647.604,1624.2188,1.6300784,5.4487534,8.064944,0.0040071327,1.8163811,8
2645.9653,1126.185,2.3494942,4.811416,8.798669,-0.008014265,1.7857645,8
2535.7583,1142.667,2.2191577,4.691869,9.265176,-0.008014263,1.830209,6
1792.7028,1171.3463,1.5304635,3.780675,6.287219,0.0040071304,1.8117517,1
2680.2432,1442.917,1.8575172,5.259133,8.122408,0.00801427,1.8738251,3
2495.5103,1126.3711,2.215531,4.6197467,7.596526,0.0040071304,1.7947863,3
1393.6658,761.89844,1.8292015,2.7494442,5.856607,-3.649264e-09,1.8240739,1
1479.2871,728.8584,2.0295947,2.816512,6.251751,-0.0040071253,1.7904172,1
2730.4792,1138.7869,2.3977087,4.9352884,9.008442,-0.0120214,1.8155496,3
2452.233,1227.7043,1.9974133,4.6937976,7.5194335,-2.4328426e-09,1.8578687,3
2098.9346,1213.415,1.7297746,4.2249355,7.0200953,-7.298528e-09,1.8231262,4
2666.1106,1333.4773,1.9993671,5.1015153,9.050093,0.008014275,1.8281356,5
2565.5562,1355.79,1.8922961,5.001717,8.007658,-0.008014263,1.8478861,5
2187.2173,1135.563,1.9261082,4.2382402,7.8873925,1.2164213e-09,1.812011,4
2211.412,1098.7651,2.012634,4.2221646,7.2538753,0.0040071304,1.8389434,4
2572.3464,1182.292,2.1757286,4.7890797,10.896247,0.008014261,1.8111044,6
2896.0698,1387.3159,2.0875344,5.4635024,9.681539,0.0040071304,1.8426429,3
2731.0938,1258.1421,2.1707356,5.088311,10.335629,0.0,1.8296402,0
2185.9453,1379.1001,1.585052,4.5472517,7.030308,-0.0080142645,1.7853047,8
2802.0156,1376.5757,2.035497,5.329836,13.294077,-0.004007135,1.8097339,8
2309.7178,1185.4617,1.9483699,4.458137,7.955999,-2.4328426e-09,1.8556987,8
2273.9463,1287.3594,1.7663648,4.542482,6.7964654,0.008014274,1.8208741,3
2409.332,1136.0894,2.120724,4.522221,8.036094,-1.2164213e-09,1.7923887,2
2633.7668,1330.5083,1.9795192,5.0564733,8.413166,0.008014268,1.8302644,6
1616.8171,804.59985,2.0094674,3.088542,6.7346997,-0.0040071276,1.8045639,1
2600.8787,1220.0471,2.1317854,4.87363,8.389099,0.0120214,1.8242723,2
2362.4993,1240.1482,1.9050137,4.5952134,7.2874384,-0.004007134,1.8138425,6
2091.6235,1057.687,1.9775449,4.016978,6.908751,0.0040071323,1.8175561,9
2351.8765,1140.092,2.062883,4.4540415,7.2056704,0.004007145,1.853017,5
1836.553,943.4297,1.9466771,3.5458963,7.5558815,0.008014261,1.8146684,1
2442.2969,1298.2334,1.8812463,4.7710843,8.361533,-0.0040071313,1.8135809,9
2780.7056,1410.7573,1.9710729,5.346254,10.618949,0.008014255,1.8062491,0
2011.5946,1518.6393,1.3246033,4.5028496,5.893122,0.004007135,1.79746,6
2690.7676,1247.2393,2.157379,5.022968,10.7866335,4.865685e-09,1.800085,3
2734.1377,1428.3721,1.9141635,5.309324,8.729983,-4.865685e-09,1.8138995,5
2889.9216,1383.7888,2.0884123,5.4511614,10.872944,-0.0040071327,1.8547938,0
2317.9495,1180.2742,1.9639076,4.46202,8.6511345,-0.00400714,1.8266304,4
2328.8542,1151.6755,2.0221443,4.439451,9.828466,0.012021398,1.817162,7
1832.4414,851.88086,2.1510537,3.4238803,6.4910045,-0.004007134,1.8339381,1
2438.3462,1193.581,2.0428827,4.6325603,8.417727,0.008014268,1.8243815,4
2418.7695,1135.2817,2.1305456,4.533229,8.136126,-0.0040071327,1.8243269,9
2652.3113,1277.3794,2.0763693,5.0123606,11.158184,6.0821065e-10,1.8236024,5
2551.7344,1214.9785,2.10023,4.8044806,8.654521,0.0040071495,1.8101215,2
2474.656,1233.2141,2.006672,4.7294264,9.202057,6.0821065e-10,1.8459636,3
2556.543,1203.7656,2.1237879,4.796312,9.549861,0.004007129,1.862136,2
2510.7705,1096.0708,2.290701,4.600563,9.343909,0.004007135,1.7948697,2
1570.668,1237.3975,1.2693318,3.581716,5.0148573,0.0,1.8264614,1
2209.917,1147.502,1.9258503,4.282422,6.806993,9.73137e-09,1.8292736,7
1662.2433,851.91833,1.9511768,3.2068388,7.3823996,2.4328426e-09,1.798376,1
2958.0586,1416.6172,2.0881143,5.5799437,10.073697,0.00400714,1.8265421,0
2589.8027,1327.2046,1.9513214,4.996183,8.715419,-0.008014269,1.829767,3
2091.8293,1092.0757,1.9154619,4.0611033,6.6116524,-0.008014261,1.8119414,7
2774.7578,1284.6558,2.1599233,5.1778235,9.976176,-0.008014268,1.898062,0
2738.5825,1300.0225,2.1065655,5.151282,10.314705,0.00400714,1.8152369,3
2299.62,1118.5698,2.0558574,4.359936,7.835723,0.0040071327,1.8255663,6
2233.8271,1301.1733,1.7167791,4.5089293,6.7696233,-0.0040071327,1.8411746,9
2274.3943,1512.2661,1.5039643,4.829924,7.3077273,0.0,1.8131753,2
2832.2256,1421.564,1.9923308,5.425752,12.374641,0.0,1.7905774,0
2577.2139,1130.1941,2.2803285,4.7288365,9.212289,0.00801427,1.8491005,8
2695.5342,1298.0806,2.0765538,5.0938964,10.194005,0.004007135,1.8377055,2
2105.4587,1668.8865,1.2615949,4.8142157,5.8769383,0.0,1.8353521,5
1807.3989,1035.0188,1.7462474,3.6255329,5.9916515,-0.008014262,1.8156404,4
2261.4595,1159.105,1.9510394,4.3629646,6.5675077,-0.004007129,1.8144493,5
2956.3857,1415.2021,2.08902,5.576005,9.292796,0.00801427,1.8468597,0
1236.0006,794.29626,1.5560952,2.5896645,5.076738,0.008014251,1.8311124,1
2123.8315,998.6763,2.1266468,3.9827905,8.361281,0.004007141,1.8273617,6
2247.7485,1044.4963,2.1519928,4.1992917,8.064763,0.0,1.8037677,7
2614.1118,1178.0955,2.2189305,4.836999,8.635107,2.4328426e-09,1.8582407,5
2452.691,1086.9272,2.2565365,4.514819,9.601997,-3.649264e-09,1.7843401,2
2660.9966,1438.29,1.8501112,5.228682,10.793084,-0.008014275,1.805657,5
2487.875,1212.5559,2.0517612,4.7199373,7.657362,-0.008014265,1.8390958,6
2171.1543,1307.5728,1.6604463,4.437152,6.7904453,0.004007135,1.8374456,8
2655.7527,1238.1604,2.1449182,4.966726,8.853031,0.012021402,1.8223459,9
2592.7402,1289.6052,2.0104914,4.951971,8.113991,0.0040071313,1.8156796,0
2358.608,1320.2778,1.7864481,4.6924562,8.177457,0.0,1.8173708,8
2162.1338,1065.1362,2.029913,4.116416,7.6119304,9.73137e-09,1.8241345,7
2207.2417,1294.1838,1.7055086,4.466104,6.9086165,0.008014274,1.8102946,9
2396.534,1126.0266,2.1283102,4.493062,9.733489,-0.012021398,1.8222431,7
2523.152,1202.8909,2.0975735,4.752606,8.426715,-0.008014259,1.8400934,7
2292.6536,1093.1658,2.0972607,4.318647,8.242268,-8.51495e-09,1.8362355,4
2425.0117,1187.8918,2.0414414,4.6082954,8.558142,-0.004007134,1.8153349,9
1865.8522,1188.3783,1.5700827,3.8957021,5.6024566,0.0040071364,1.825302,5
2628.4482,1233.8606,2.1302636,4.9264145,8.836983,0.00400714,1.7941234,9
2660.5732,1438.0,1.85019,5.2277718,9.836217,0.004007129,1.7998166,9
2381.2273,1706.9785,1.3949955,5.214548,7.2773514,-0.012021398,1.8164766,8
2200.0684,1095.8643,2.0076103,4.2039957,8.088548,-0.00400714,1.823506,4
2513.1223,1142.2527,2.2001457,4.662468,7.5596776,4.865685e-09,1.8104115,3
2722.7292,1204.8887,2.259735,5.0097165,9.229236,4.865685e-09,1.834801,5
1687.0387,1036.7101,1.6273004,3.4741693,5.6931033,-0.004007134,1.840555,2
2354.7031,1142.6807,2.0606835,4.460949,8.078491,-0.004007135,1.8035299,5
2650.1758,1442.5574,1.8371372,5.220323,8.374481,0.004007135,1.8099732,2
1803.0896,1373.4248,1.3128419,4.0516768,5.748726,-2.4328426e-09,1.8634683,9
2532.6023,1204.575,2.1024864,4.7668076,8.468509,0.008014273,1.7655715,2
2051.623,940.2803,2.1819272,3.816203,6.886866,0.0120214075,1.8321934,7
2770.887,1196.1614,2.3164825,5.0600104,8.773813,0.004007135,1.9359516,0
2211.7236,1185.5298,1.8655994,4.3332314,6.7965317,0.0,1.8004768,6
2553.4507,1127.3687,2.264965,4.6949224,10.1390505,-0.008014259,1.8510056,7
2659.581,1297.9617,2.0490444,5.047886,9.561481,-0.0040071304,1.8174624,4
2437.471,1356.3191,1.797122,4.839018,7.905645,-4.865685e-09,1.80963,4
1505.8325,1404.5071,1.0721431,3.7121677,4.4583497,2.4328426e-09,1.8010623,2
2151.9282,1165.2671,1.8467253,4.2311163,6.838542,0.0,1.822446,4
2282.9727,1087.6108,2.0990713,4.2992134,8.443087,0.008014265,1.8154705,4
2699.8213,1370.4529,1.9700212,5.191676,10.427976,0.008014275,1.8169788,0
2323.7122,1123.5513,2.0681853,4.39702,7.5748453,-0.0040071253,1.8039969,2
1773.8156,1293.966,1.3708364,3.9129865,5.088344,0.0040071304,1.8244807,8
1167.2351,802.79553,1.4539632,2.5127943,4.6867065,-0.0040071253,1.8410896,1
2698.6743,1085.4065,2.486326,4.8266335,8.801401,-7.298528e-09,1.8281728,3
2289.102,1075.3928,2.1286194,4.2914476,9.267766,0.008014268,1.8196332,7
2999.0034,1433.0962,2.0926743,5.653188,11.76825,6.0821065e-10,1.862533,8
2018.1814,1362.7476,1.480965,4.3124094,6.147039,-0.004007141,1.7983111,7
1624.3064,887.90356,1.8293725,3.2043495,6.707611,-0.00400714,1.8214251,1
2478.9094,1162.6509,2.1321185,4.6448474,7.966516,0.004007135,1.8238105,2
2553.4563,1286.3303,1.9850705,4.897687,10.361243,-0.004007135,1.8635608,0
2550.4849,1173.4553,2.1734827,4.7499237,8.405761,-0.004007135,1.8145499,6
2783.8054,1266.7454,2.1976047,5.1665187,9.522498,-0.0040071276,1.8381404,3
1581.0353,756.37463,2.0902808,2.9813902,6.983341,-0.0040071253,1.8514572,1
2433.4536,1579.6243,1.5405269,5.118722,7.1672115,-0.004007145,1.8378229,5
1579.624,961.6509,1.642617,3.2414222,5.1936455,-0.008014271,1.8152459,1
2617.081,1298.919,2.0148149,4.994898,9.589785,-0.00400714,1.8473816,6
1987.8607,1037.1644,1.9166303,3.8584504,6.4509783,0.00801427,1.8166207,4
2036.4309,1625.7878,1.252581,4.6711974,5.782547,2.4328426e-09,1.8328289,8
2585.6438,1167.5891,2.2145152,4.7872868,8.213077,-7.298528e-09,1.7977269,8
2432.9136,1176.9897,2.0670643,4.6044683,8.822467,0.0120214,1.7924643,4
2265.3447,1177.7642,1.9234282,4.3917203,7.2104096,0.004007135,1.8009436,6
2795.7952,1300.279,2.15015,5.2245846,10.84762,-0.0040071304,1.8329613,0
1620.1733,1030.5254,1.5721818,3.3809934,5.4328556,-5.778001e-09,1.8454356,7
2792.206,1341.4888,2.0814233,5.27257,9.601268,-0.0040071425,1.7856297,3
2293.606,1464.071,1.5665947,4.7929554,6.969472,-4.865685e-09,1.8336607,9
2183.4702,1043.5535,2.0923414,4.1161017,7.7580285,-0.0040071374,1.8025867,7
1781.0974,1175.636,1.5150076,3.7713437,6.042589,-2.4328426e-09,1.8452551,4
2472.4805,1144.0398,2.161184,4.6129084,8.924194,2.4328426e-09,1.8279442,4
2597.9028,1283.4517,2.0241532,4.9507074,10.097721,0.012021395,1.829677,4
2210.4165,1122.9019,1.968486,4.251682,7.8811255,-0.0040071155,1.8218231,4
3075.1116,1356.1833,2.267475,5.652162,10.032866,0.008014265,1.832261,0
2652.5093,1435.2241,1.8481499,5.213946,8.260389,1.2164214e-08,1.8502923,3
1640.9219,827.86084,1.9821228,3.1489575,5.85089,0.0040071206,1.8257133,1
1663.7743,818.3678,2.0330398,3.1659975,6.4656434,0.004007145,1.8298856,1
2321.5051,1195.855,1.9412932,4.4864287,7.698211,0.00400714,1.8288858,9
2497.2998,1126.7695,2.216336,4.6225376,7.7850933,0.012021386,1.8124646,3
2746.7075,1270.1045,2.1625838,5.1234846,9.947435,0.0040071313,1.8005702,2
2276.6113,1274.4751,1.7863129,4.529447,7.383126,-1.2164213e-09,1.774946,6
1952.2195,1218.0725,1.602712,4.04374,8.547079,-4.865685e-09,1.8359747,1
2134.5693,1332.6809,1.6017108,4.422513,7.088401,0.008014263,1.8149223,5
2288.5042,1098.2085,2.083852,4.3197865,8.92313,-0.00801427,1.8454938,7
2283.7102,1152.6477,1.9812734,4.3831096,7.514559,-0.004007135,1.8360388,5
1988.4668,940.4873,2.114294,3.735911,6.7881575,4.865685e-09,1.8373344,5
2192.8098,946.6814,2.3163123,4.004453,7.360923,0.00801427,1.8534865,7
2775.484,1224.0684,2.2674255,5.1014695,9.032405,4.865685e-09,1.8309531,0
2699.9526,1205.0725,2.2404897,4.9808993,11.9266615,-0.008014258,1.8068247,8
2444.8335,1784.69,1.3698926,5.3948,6.8540235,0.0,1.8263677,2
2799.8953,1317.7854,2.1246974,5.252144,11.321997,-0.0040071276,1.797839,2
2496.3374,1072.3445,2.327925,4.5518904,9.346036,0.0,1.828162,4
2323.5984,1066.916,2.1778643,4.3246355,7.617366,0.0,1.7948905,9
2315.9082,1027.9795,2.252874,4.265163,8.200781,-0.004007129,1.8097306,7
1596.7053,781.8347,2.0422542,3.033852,6.3754964,-0.008014258,1.8671275,1
2581.5674,1140.9055,2.2627354,4.748052,9.089102,0.0,1.8086481,9
2412.763,1234.0654,1.9551337,4.651567,8.338677,0.0040071276,1.8871483,4
2559.962,1323.2551,1.9345944,4.953083,7.44271,-0.012021406,1.8118483,6
2323.266,1205.6755,1.9269414,4.501201,7.8762846,0.01202141,1.8082511,5
1965.0175,1346.1261,1.4597573,4.2233973,5.885731,0.0040071304,1.8275145,6
2174.56,994.9817,2.1855278,4.042783,7.23917,-1.946274e-08,1.814546,4
2612.8667,1343.3301,1.9450668,5.0461693,8.163362,-4.865685e-09,1.8114178,0
2466.9263,1440.8618,1.7121186,4.9844236,10.638753,-1.2164213e-09,1.7988036,4
1114.925,768.0737,1.451586,2.4017842,4.667294,-0.012021406,1.8883263,1
1570.8962,1167.7766,1.3452027,3.493205,4.719182,0.008014273,1.8626894,2
2244.0295,1301.5732,1.7240901,4.5224524,6.7347145,0.0,1.7935479,9
2208.4902,974.6665,2.2658932,4.0601487,7.520288,-0.00400714,1.8196834,7
2323.6401,1160.2388,2.0027258,4.443723,8.534889,-0.004007145,1.8176085,7
2353.2217,1239.127,1.8990965,4.5820775,7.56279,0.0040071327,1.8261447,8
2336.004,1433.2278,1.6298902,4.8076935,7.1346498,-0.008014263,1.8158448,4
1980.9734,1536.7253,1.2890874,4.4868608,5.912169,0.0040071295,1.8263354,2
1608.3282,775.5648,2.073751,3.04068,6.0231824,0.0,1.8123759,1
2509.1377,1402.9785,1.7884363,4.989944,8.426757,-7.298528e-09,1.8454766,3
2066.5415,1345.4326,1.5359681,4.352008,6.2674584,-0.004007135,1.8031996,6
2594.1343,1332.419,1.9469359,5.0083585,11.674574,-0.008014273,1.8354969,3
1897.2744,828.7085,2.2894351,3.477019,6.5338173,-6.082107e-09,1.8529528,1
2618.921,1384.8687,1.891097,5.1068745,9.454124,0.008014274,1.7984251,2
2489.7585,1301.1858,1.9134536,4.835388,7.276855,0.004007139,1.7862269,6
2439.2998,1221.3555,1.997207,4.6692033,10.1290455,0.004007135,1.818852,4
2496.3662,1341.498,1.8608795,4.895235,7.5469494,-4.865685e-09,1.8307172,3
1637.1489,758.8108,2.1575193,3.056071,6.3408275,0.0040071304,1.8234253,1
2589.9214,1362.6055,1.9007126,5.041488,8.598433,0.008014265,1.7448561,3
1951.5916,1342.229,1.453993,4.2013016,6.395088,4.865685e-09,1.8318468,8
2692.6892,1275.6848,2.1107793,5.061702,9.124564,0.0040071253,1.8253573,3
1672.6624,913.2053,1.8316388,3.2983005,7.433112,0.008014269,1.8494902,1
2516.7495,1038.8813,2.422557,4.5352435,8.496235,0.004007135,1.8105193,6
2689.4692,1254.8965,2.1431801,5.031079,11.131311,-6.082107e-09,1.8293092,2
1915.376,1020.5327,1.8768394,3.7447815,8.598413,0.0,1.8340335,1
2817.6953,1116.3247,2.5240822,5.017883,9.545608,-1.4597056e-08,1.7612082,8
2551.5637,1093.8547,2.332635,4.6497684,9.805864,0.0,1.8042352,7
2883.9597,1271.6223,2.2679374,5.3004875,10.101973,-0.008014265,1.824927,0
2636.776,1298.0403,2.0313513,5.018898,9.407399,0.0,1.8312403,4
3008.874,1513.4346,1.9881097,5.768251,11.067571,-0.004007135,1.8110017,0
2291.293,1468.4302,1.560369,4.795565,6.784865,0.004007135,1.8426509,5
1475.2269,806.8683,1.8283367,2.9108357,6.180409,0.004007135,1.8538604,1
2369.4849,1305.4922,1.8150127,4.687471,7.824581,0.0040071374,1.8240119,7
2553.7314,1186.3896,2.1525233,4.7705626,8.597819,0.00400714,1.8234986,2
1801.2977,975.09924,1.8472968,3.5413227,8.437936,0.004007135,1.8107632,1
2584.124,1079.6318,2.3935235,4.673158,9.71628,-3.649264e-09,1.8547195,2
2014.292,1144.956,1.7592745,4.029653,5.8713026,-0.004007129,1.8420339,7
2299.8623,1063.8135,2.1619036,4.290403,7.914292,-3.649264e-09,1.8212246,5
2066.539,1312.626,1.5743549,4.3101597,6.3590755,0.0040071304,1.8476987,4
2190.5347,1579.0259,1.3872696,4.808113,6.563536,0.0040071374,1.8444786,8
1941.3889,1079.635,1.79819,3.8533468,6.5150056,0.0040071253,1.8260707,2
1671.2703,1473.0442,1.134569,4.0106053,5.0564194,0.004007123,1.8178529,2
2346.7275,1075.5063,2.1819746,4.365094,7.93886,0.012021406,1.8208395,5
2108.2776,1437.6145,1.4665111,4.5228214,7.7006283,0.0040071364,1.8453711,2
1483.5289,837.7562,1.7708361,2.9608228,5.730004,0.0040071364,1.8307192,1
2434.0635,1263.3928,1.9266086,4.716143,8.483129,0.008014263,1.8031952,4
2646.724,1265.7542,2.0910254,4.990406,9.964452,0.00801428,1.831257,4
2396.0093,1029.3193,2.327761,4.3690414,9.866077,4.865685e-09,1.8305318,8
2614.2185,1357.2527,1.9261104,5.065652,9.718926,6.690317e-09,1.8394893,2
2608.171,1382.4202,1.8866702,5.0900397,7.933556,0.00400714,1.824838,9
1885.4045,974.656,1.9344307,3.6480365,8.048423,-0.008014273,1.8465317,1
2695.7598,1238.4883,2.1766534,5.0181737,8.617346,-0.00801427,1.7906432,0
2527.9858,1218.2783,2.075048,4.778398,8.584579,7.298528e-09,1.8121309,7
2642.2266,1231.8374,2.1449475,4.941408,9.985723,0.0040071276,1.8192569,2
2725.8257,1447.3931,1.8832657,5.3229833,10.444195,0.0040071304,1.8422652,5
1488.8772,1335.2942,1.1150181,3.6022594,4.5383577,-0.00801428,1.8218029,4
2714.5752,1338.0583,2.028742,5.1691756,9.850739,2.4328426e-09,1.8020215,2
1606.3198,960.58716,1.672227,3.274116,6.3130465,0.0040071253,1.7907157,1
2563.4055,1214.9321,2.1099167,4.8193083,8.53695,0.0040071295,1.8699195,6
2292.2573,1271.0071,1.8034968,4.54498,6.6274543,0.0040071253,1.8351873,5
1373.604,743.2273,1.8481615,2.7000399,5.8627687,-0.004007135,1.8434156,1
2458.842,1157.833,2.1236587,4.613106,8.741714,0.004007134,1.8307369,9
1686.1703,753.08923,2.2390046,3.1113005,6.8898563,-0.012021406,1.831372,1
2208.6152,1218.158,1.8130779,4.370884,7.6002626,-7.298528e-09,1.8286841,6
2496.3296,1177.9526,2.1192105,4.6865845,8.678643,0.0,1.8042742,6
2829.9954,1336.2224,2.1179075,5.314053,11.03511,-8.51495e-09,1.8242725,3
1185.5546,681.3534,1.7399995,2.3812602,4.9356446,-4.865685e-09,1.7933131,1
2708.8784,1231.3123,2.1999931,5.0257535,8.947137,0.00801427,1.8160207,3
2302.4668,1169.3394,1.9690322,4.428324,8.78026,0.0040071253,1.8141656,4
2749.9473,1302.698,2.110963,5.1691904,8.940227,2.4328426e-09,1.7959974,3
2388.7524,1154.0723,2.0698464,4.518909,7.932615,0.004007135,1.7878635,6
2949.4883,1231.2979,2.3954303,5.3326354,10.023403,-0.0040071276,1.8190784,0
2166.2236,1086.5156,1.9937345,4.148902,7.104489,-0.0040071364,1.838186,4
2578.9556,1230.0142,2.0966878,4.85838,8.46413,-0.0040071304,1.830297,6
2453.5808,1176.3511,2.0857556,4.6300154,7.2472663,0.0,1.8292948,6
2226.4688,1039.4648,2.1419375,4.1657314,8.819768,0.008014271,1.8103406,6
2044.8657,941.2202,2.1725688,3.808783,7.48039,0.004007134,1.7730638,7
2702.4634,1298.9448,2.0805066,5.103837,9.586682,-2.4328426e-09,1.8297381,8
2297.394,1055.3145,2.1769757,4.276414,7.79672,-0.0040071313,1.8491958,5
1576.0325,781.114,2.0176728,3.0065644,6.4030495,0.008014263,1.812745,1
2731.335,1228.6047,2.2231193,5.0509434,9.441154,0.004007135,1.8202897,5
2435.0674,1112.1509,2.1895118,4.5245132,8.543115,-2.4328426e-09,1.8152063,7
1399.636,782.2661,1.789207,2.7830384,5.6539307,0.004007135,1.8508228,1
2851.4268,1326.3394,2.149847,5.3287835,8.842643,0.004007135,1.8358084,0
1830.9209,1583.0422,1.1565838,4.3545446,5.7778172,1.4597056e-08,1.8279803,6
2749.1123,1252.6667,2.194608,5.10431,9.420663,0.0,1.8066381,8
2307.4185,1018.6504,2.265172,4.242435,7.3196,9.73137e-09,1.8096831,6
2492.657,1203.1724,2.0717373,4.714068,9.650187,-7.298528e-09,1.8040742,5
1774.0265,1341.9196,1.3220066,3.974421,5.235282,0.0,1.7810292,2
2323.7563,1059.6572,2.1929321,4.3155785,8.343145,-0.008014273,1.8070146,4
2881.004,1406.8564,2.0478308,5.4692097,8.826718,-6.082107e-09,1.8421075,0
2176.4019,1252.7534,1.7372947,4.3739223,7.2554517,-0.004007145,1.8106239,8
2510.879,1384.6755,1.8133337,4.9688196,7.8414154,0.00801427,1.8801421,5
2716.4126,1401.3335,1.9384483,5.2522273,11.3242655,0.004007139,1.8413923,0
2782.5479,1454.6787,1.9128264,5.404626,10.325415,0.0,1.8043002,5
2102.7302,1096.5015,1.917672,4.0806527,7.4032893,-0.0040071304,1.7986146,7
2482.0767,1212.6511,2.0468185,4.712663,7.3956404,7.298528e-09,1.8378099,2
1787.3348,1179.0253,1.5159428,3.7836225,5.980931,-0.004007133,1.8201597,7
2503.0054,1338.8174,1.8695644,4.9002843,8.701919,0.008014268,1.8296648,7
2228.8108,1215.6501,1.8334311,4.393445,7.134738,0.0,1.8046702,8
1747.674,1114.681,1.5678691,3.650963,5.248123,4.865685e-09,1.844458,2
1756.0535,1713.532,1.0248151,4.425492,4.5596733,0.0,1.8195174,6
2216.8586,1159.6902,1.9115956,4.3068223,7.099807,0.0040071304,1.8221616,9
2338.861,1150.6521,2.0326397,4.4509096,9.073848,-0.0040071304,1.821771,4
2550.9185,1149.3179,2.2195065,4.7196894,9.687294,-0.0040071304,1.7983129,9
2541.9229,1505.0193,1.6889637,5.161916,7.2315545,-0.0040071304,1.8297027,0
2638.2195,1369.4043,1.9265454,5.111765,11.59296,-3.0410534e-09,1.8031077,3
2117.718,960.84424,2.204018,3.9267375,7.6339703,4.865685e-09,1.82943,4
2257.3062,1264.3989,1.78528,4.4919705,7.3259106,-0.008014278,1.8227878,8
2823.3232,1206.7473,2.3396144,5.140396,9.894856,0.0040071304,1.7964584,2
2527.2744,1335.9163,1.891791,4.9275393,8.000328,0.004007137,1.8349576,3
2573.7014,1407.8762,1.8280736,5.0785427,8.004909,-0.00400714,1.8558372,8
1925.9631,1077.5837,1.7872978,3.8310547,7.2042646,-0.004007135,1.8418102,6
2349.2437,1180.9509,1.9892813,4.502799,7.828294,-4.865685e-09,1.8016622,7
1836.6107,1152.1637,1.5940536,3.8122122,6.467708,-1.824632e-09,1.8071047,4
2408.1685,1147.5632,2.0985062,4.5353723,7.797295,-2.4328426e-09,1.7967108,3
1872.9697,1684.6489,1.1117864,4.537779,5.893138,0.004007123,1.8102617,2
2749.4385,1407.2188,1.9538103,5.301859,10.498138,0.0120214,1.8434741,0
1941.7882,1582.0707,1.2273713,4.494718,5.6072426,0.0040071304,1.8359474,6
2605.3306,1300.062,2.004005,4.981368,11.72796,4.865685e-09,1.8521132,6
2307.6362,933.95654,2.4708176,4.1346846,8.21089,0.004007135,1.8131005,9
2424.4775,1084.5786,2.2354097,4.4758368,8.315739,-0.0040071374,1.7968855,2
2518.0781,1487.44,1.692894,5.1090794,8.020006,-0.0040071313,1.831384,6
2628.5166,1241.1274,2.1178458,4.9357705,8.868648,0.004007145,1.8643137,5
2683.7222,1169.2983,2.295156,4.914567,9.199983,-0.008014273,1.8211033,3
1143.7043,1472.7283,0.77658886,3.3372865,3.702192,0.008014268,1.7917976,8
2868.8801,1305.5881,2.1973853,5.324577,10.828025,-0.008014263,1.8359857,8
2291.8896,1239.2898,1.8493574,4.5040555,8.046461,0.008014253,1.8043139,4
2020.5094,1321.7885,1.5286179,4.263135,5.864471,-0.0040071327,1.8419474,2
2109.3066,1094.6211,1.9269742,4.0866427,7.2466087,0.008014268,1.8536589,9
2188.5332,1279.6191,1.7103004,4.4236636,7.3860703,0.0040071304,1.790174,4
1902.8667,1096.1084,1.7360206,3.8252234,6.513012,-0.008014275,1.7984953,4
1569.0645,859.94727,1.8246055,3.0982292,6.5235286,0.0,1.8259797,1
2267.189,1303.0293,1.7399371,4.5538497,7.1434064,-0.008014268,1.7985364,9
2308.1167,1118.0273,2.0644546,4.370082,6.8475327,-0.00801427,1.8326403,5
2185.565,1193.7231,1.8308809,4.3103166,6.598099,-0.0040071304,1.7890328,5
1494.2969,834.67725,1.7902691,2.9706302,5.600314,0.008014268,1.8535918,1
2204.9448,1131.4468,1.9487835,4.2556014,6.6248984,-1.824632e-09,1.7996871,6
1497.4036,814.4065,1.8386439,2.9487374,6.0333166,0.0040071374,1.8296399,1
2750.7378,1298.7407,2.1180038,5.165151,11.471768,-2.4328426e-09,1.8182249,2
2480.5825,1293.6667,1.9174819,4.8140936,8.628153,2.4328426e-09,1.8241351,9
2366.5195,1244.8584,1.9010351,4.6063495,8.4201355,-0.008014275,1.8182597,7
1532.2004,748.6692,2.0465653,2.9092724,6.499581,0.00400714,1.828461,1
2604.8452,1457.3887,1.7873373,5.181421,7.631622,0.00400714,1.7934141,3
2058.8638,948.9675,2.1695828,3.8365195,7.576603,7.298528e-09,1.8209076,7
2144.7522,1008.33984,2.1270132,4.021801,6.605433,-4.865685e-09,1.8310974,2
2714.0105,1186.4773,2.2874525,4.975112,9.456784,0.00400714,1.7937819,5
2206.7744,1198.2051,1.8417335,4.3430862,7.3717914,0.008014251,1.8086432,6
2844.0488,1612.5342,1.7637138,5.6844172,9.472675,-0.0040071253,1.7961559,8
2066.281,1226.512,1.6846807,4.199991,6.4531837,-6.082107e-09,1.8414749,9
2366.6357,1045.0122,2.2646968,4.3515916,7.9842157,0.008014269,1.8113204,6
1378.9683,766.80884,1.7983208,2.7369606,5.611231,-0.008014273,1.8647622,1
1657.313,825.43994,2.0077937,3.1667767,6.943208,0.0040071253,1.8114433,1
2922.7798,1471.6294,1.9860841,5.605114,11.39012,-0.004007135,1.8391956,0
1859.2255,1202.5275,1.5460981,3.905297,5.82584,-4.865685e-09,1.8214931,9
1939.2786,1291.3464,1.5017493,4.120695,6.0929513,0.008014265,1.8037355,4
2284.283,1251.7502,1.8248712,4.5102463,7.673011,0.0040071276,1.8187568,7
2279.474,1437.602,1.5856086,4.7411685,7.0158396,-0.004007143,1.8092337,8
2501.422,1093.8943,2.286713,4.5858626,8.97242,7.298528e-09,1.8364242,6
2373.0771,1309.7539,1.8118496,4.697489,9.391871,0.0,1.8508459,0
2749.9065,1249.5413,2.200733,5.1013365,9.939305,-0.004007135,1.7996703,5
2590.3213,1384.0986,1.8714861,5.069413,7.634842,0.004007134,1.8411391,0
2802.3164,1356.8906,2.0652485,5.305111,9.362743,0.004007135,1.8000598,8
2363.264,1250.1909,1.8903224,4.6089983,9.598499,9.73137e-09,1.8289081,7
2224.8506,1060.8826,2.0971696,4.190986,7.8594,-0.0040071243,1.8265404,2
2243.2231,1204.2949,1.8626859,4.3973446,7.2295346,8.51495e-09,1.8240551,3
2434.6353,1124.7871,2.1645298,4.5400796,9.1531,-0.0040071276,1.8304194,6
2061.7742,1138.28,1.8113066,4.0817018,7.148269,0.0040071276,1.7878965,4
1909.4512,1161.8838,1.6434097,3.917519,6.1144085,-0.008014271,1.865118,7
2730.7566,1358.1772,2.010604,5.215477,10.556983,-1.2164213e-09,1.8306242,3
1842.2065,1148.46,1.6040668,3.8146257,5.8177094,0.004007135,1.8043451,7
2867.6711,1258.7893,2.2781184,5.2633424,9.095276,-0.004007135,1.8304536,0
2528.7583,1344.5784,1.8807073,4.94048,7.9833393,-0.0040071374,1.8453956,2
2063.7544,1307.0288,1.5789663,4.2994685,6.464468,-0.0040071253,1.8161433,2
2473.9192,1178.8987,2.0985003,4.6592064,8.545419,-4.865685e-09,1.81707,7
2437.838,1234.5,1.9747573,4.6841044,7.8813205,-0.004007135,1.7792192,6
2103.9045,1220.3035,1.7240831,4.2400613,7.177367,2.4328426e-09,1.8273183,4
2261.319,1077.6707,2.0983396,4.2589154,7.835947,-0.00801427,1.8010315,7
2728.061,1291.9893,2.1115198,5.127615,8.231617,0.008014261,1.8307122,0
1952.3403,1324.7947,1.4736928,4.1800194,6.608102,0.0,1.8052392,7
2255.7688,1240.7578,1.8180573,4.4598556,7.763172,0.0120214,1.8286021,9
2880.017,1148.4062,2.5078382,5.138295,9.74529,-0.0040071374,1.8241173,0
2468.7222,1256.2314,1.965181,4.7512164,8.801007,0.0040071243,1.8593067,2
2707.2266,1443.3652,1.8756351,5.294122,10.702989,-4.865685e-09,1.7925735,2
2184.4114,1206.1726,1.8110272,4.3247247,7.1167645,0.008014263,1.8378085,9
2881.5498,1272.4326,2.264599,5.298447,9.4925,0.0,1.8004899,0
2264.908,1439.529,1.5733674,4.725047,6.722719,4.865685e-09,1.8600843,8
1764.4583,920.85205,1.9161148,3.4251406,8.194125,0.008014265,1.863591,1
3017.4778,1333.0032,2.2636688,5.5490828,9.96577,0.0040071253,1.8391339,0
2210.6926,960.2993,2.302087,4.0446324,7.717547,-0.0040071304,1.8179694,7
1554.5818,1100.2407,1.4129469,3.386253,5.3861685,0.0040071304,1.8337328,4
2671.4048,1195.9941,2.233627,4.9329066,8.654346,0.004007135,1.8084545,3
2411.089,1141.6843,2.1118703,4.5315986,7.6429596,4.865685e-09,1.8125739,4
2019.9338,1257.3042,1.6065594,4.1801505,6.016589,0.004007135,1.7897958,3
2260.1274,1070.8552,2.1105816,4.2487025,8.426944,0.0040071253,1.7934316,4
2102.2869,1304.8601,1.6111205,4.345851,6.53386,-2.4328426e-09,1.819072,9
2259.5815,1000.69214,2.2580187,4.158512,8.391133,0.0040071364,1.8248936,4
2373.8896,1292.5537,1.8365887,4.676586,8.193147,0.008014274,1.835088,9
2070.8296,1129.2969,1.8337336,4.081794,6.886629,-2.4328426e-09,1.8510419,7
2811.6055,1322.2754,2.1263387,5.272807,9.323599,-0.004007135,1.7882378,2
2723.0068,1202.7119,2.2640557,5.007294,9.496542,0.0040071276,1.8220637,0
2285.9858,1539.3345,1.4850482,4.8792353,7.1084237,0.008014273,1.8214837,4
2420.6006,1189.4382,2.0350788,4.6046414,8.289851,0.008014265,1.8011642,7
3028.98,1456.6455,2.0794215,5.7214613,9.88271,-0.0040071276,1.7936561,3
1538.2495,800.03467,1.9227285,2.9825053,6.5266457,0.00801427,1.7915956,1
2482.6968,1119.6711,2.2173445,4.594857,9.504479,0.0040071253,1.8433822,0
2375.731,1172.3057,2.0265458,4.525557,7.429953,-0.004007135,1.792916,0
2413.9321,1407.5645,1.714971,4.8743577,7.4013457,0.0040071313,1.8335228,8
1995.7891,1226.3672,1.6273993,4.1098933,6.850249,0.004007129,1.8514134,8
1380.7439,852.46875,1.6197003,2.8484855,5.1909046,0.008014275,1.8151765,1
2919.77,1325.7622,2.2023332,5.41522,10.278589,-0.004007135,1.855585,8
2686.273,1390.5562,1.9317975,5.200037,7.9024463,0.0040071276,1.8285582,0
1193.5455,833.2395,1.432416,2.585185,4.93475,-0.0040071364,1.8545108,1
2042.9722,1042.6313,1.9594387,3.9357188,7.0209928,0.0,1.7705822,7
1635.9294,774.4177,2.112464,3.0744224,7.254987,0.0080142645,1.8119233,1
2983.9678,1349.749,2.2107575,5.5277,10.9099455,-2.4328426e-09,1.8270369,0
2515.3896,1120.229,2.2454245,4.6372685,9.780803,-0.0040071327,1.8229398,2
1983.488,1144.4016,1.7332097,3.9896553,6.3024974,0.008014265,1.823593,9
2619.3083,1244.1262,2.1053398,4.9278502,8.805639,0.0040071304,1.8183962,3
1534.6768,713.92725,2.1496263,2.8681173,5.9844,0.0040071304,1.854249,1
1290.3884,714.72534,1.8054326,2.557543,5.575084,0.012021395,1.8500978,1
2389.3867,1214.8804,1.9667671,4.5972795,8.958145,0.004007131,1.8360294,3
1860.686,1363.7478,1.3643916,4.112798,5.5822077,0.00400714,1.8168327,9
2726.5835,1306.5339,2.086883,5.1442823,10.997263,0.0040071425,1.81439,3
2282.1272,1191.1428,1.9159139,4.4301915,7.96682,-0.012021399,1.8513763,9
2666.1953,1296.6504,2.0562177,5.0546503,10.731752,-4.865685e-09,1.823737,4
2279.77,1271.6702,1.7927369,4.529898,7.612784,2.4328426e-09,1.8115656,8
2019.767,981.97034,2.0568514,3.8287466,7.691701,2.4328426e-09,1.8031986,1
2203.5874,1017.4092,2.1658812,4.108414,9.590863,0.0040071364,1.7898171,6
2223.4197,1168.3789,1.9029953,4.326274,7.576133,6.082107e-09,1.8152544,4
2812.3687,1195.8955,2.3516843,5.1125817,11.8384075,9.73137e-09,1.8113971,4
2346.7183,1300.7378,1.804144,4.6523676,8.441737,-1.824632e-09,1.8288335,4
2614.8027,1338.0635,1.9541694,5.041921,10.779504,-0.004007123,1.8195391,4
1883.6492,1442.6609,1.305677,4.2427425,5.4260287,-0.008014265,1.8583412,5
2727.437,1206.4827,2.2606516,5.0177546,9.687366,1.2164213e-09,1.8018324,2
2455.3652,1229.7959,1.9965632,4.7004604,8.580763,0.008014265,1.8447118,4
2263.9307,1191.2065,1.9005358,4.4070625,7.162937,0.0,1.8116637,9
2042.676,1168.471,1.7481616,4.095851,6.0227556,-2.4328426e-09,1.8914502,5
2283.1917,1176.5891,1.9405174,4.412986,7.9812613,-0.0040071374,1.8275526,4
2110.2686,1344.8306,1.5691706,4.4070144,6.2073364,0.0040071327,1.8179854,9
2077.7112,1009.0603,2.0590556,3.9372084,6.2895174,0.004007134,1.8361031,7
2625.831,1203.3071,2.1821785,4.8841047,9.187672,-9.73137e-09,1.8296407,8
1799.5728,1175.138,1.5313715,3.7942739,6.106005,-0.0040071425,1.7973268,7
2153.4692,1399.6775,1.5385467,4.532075,6.769062,6.082107e-09,1.8378494,5
2646.5815,1363.8606,1.9405074,5.11536,7.8278785,-0.008014265,1.8566976,8
2401.895,1283.5557,1.8712823,4.70083,7.098184,-4.257475e-09,1.7818929,6
2265.4683,1097.4009,2.0643945,4.289374,7.5115137,-0.0120214,1.780726,7
2594.001,1328.8704,1.9520346,5.0036626,8.877164,1.824632e-09,1.8381469,8
2045.2126,1290.9387,1.5842832,4.2552953,6.7608404,0.0040071304,1.825504,5
2090.3652,1194.5391,1.7499346,4.189929,6.597692,0.004007131,1.8472936,3
2258.3535,1203.4116,1.876626,4.415517,6.985166,-0.0040071304,1.8197876,5
2317.018,1338.519,1.7310311,4.662675,8.768887,0.0,1.7956841,7
2416.5867,1425.114,1.6957146,4.9001284,7.894531,-0.0040071215,1.8188545,9
1790.2007,1009.9468,1.7725693,3.5716166,8.00554,0.004007135,1.8017721,1
2305.899,951.87305,2.4224858,4.1553216,7.5582113,-0.00400714,1.8254244,7
2278.142,1224.5208,1.8604357,4.4676824,7.6269503,0.0040071346,1.8226177,2
2258.5015,1056.5044,2.1377113,4.228324,6.9754333,0.004007134,1.8249042,7
2445.6865,1201.6938,2.0351994,4.652271,7.704119,0.004007133,1.8187715,6
2043.7678,1116.9429,1.8297873,4.031519,7.10126,-6.690317e-09,1.802781,4
2228.5908,1266.5654,1.7595544,4.4581075,6.798717,-4.865685e-09,1.7994491,5
2403.9348,1206.3425,1.9927465,4.6049457,7.724106,1.2164213e-09,1.8193655,2
2188.1606,1243.3103,1.7599473,4.3768764,6.767611,-0.004007129,1.874902,8
2131.0693,1090.3726,1.9544414,4.108982,6.857808,0.008014261,1.8150374,7
2520.891,1194.6677,2.110119,4.739233,8.545826,0.008014255,1.8067037,6
2727.6172,1403.3086,1.9437045,5.269038,8.713439,-0.0040071327,1.8230141,8
2442.4707,1092.8989,2.2348552,4.5094,10.107591,-1.2164213e-09,1.7627919,4
2018.7151,1098.4753,1.8377427,3.9760082,6.8426347,-1.2164213e-09,1.7774513,4
3009.0679,1455.7397,2.0670369,5.6949077,9.360562,0.004007139,1.7879281,2
2868.2158,1289.4849,2.2243114,5.3031898,9.612988,-0.004007134,1.8084797,3
2230.9963,1448.6892,1.5400103,4.6934767,6.2747803,0.00801427,1.8275048,8
2623.6184,1210.2034,2.1679153,4.890079,8.358755,-0.012021391,1.8167796,0
2587.0688,1121.612,2.306563,4.73046,8.705786,0.0040071276,1.8256938,0
2694.9795,1318.9116,2.043336,5.119759,8.77363,-0.008014255,1.8313123,5
2944.3735,1308.2637,2.2505965,5.424282,11.398816,0.0040071374,1.8098668,0
2189.0564,1244.4299,1.7590837,4.379447,6.2822433,0.0,1.8207167,5
2243.1748,1504.6655,1.4908129,4.7804084,6.365201,0.00801427,1.8407826,6
2611.6958,1290.9805,2.0230327,4.9779034,7.77296,-0.0040071253,1.8436462,0
2462.9927,1158.5051,2.1260092,4.6192575,8.099367,-2.4328426e-09,1.8049265,6
2425.0195,1219.323,1.9888246,4.648396,8.033938,0.0,1.8106318,8
2735.3628,1166.5503,2.3448305,4.97693,9.78754,4.865685e-09,1.8021805,9
2706.0234,1229.9299,2.2001443,5.0203485,8.743781,-2.4328426e-09,1.8309443,2
2390.2327,1073.2698,2.2270567,4.4177327,7.808629,2.4328426e-09,1.8014197,7
1665.572,849.28345,1.9611497,3.2077239,7.019743,0.004007135,1.8307638,1
2627.7207,1115.3916,2.3558729,4.774378,9.370102,0.004007145,1.8259755,8
2279.4216,1094.9595,2.0817406,4.3040576,7.862663,0.0,1.8351912,6
2639.4707,1346.6003,1.9600996,5.0842743,8.483203,2.4328426e-09,1.8117461,0
1956.6414,1224.7446,1.5975913,4.0578904,6.0902715,-0.00400714,1.8152723,4
2340.8691,1226.4595,1.9086397,4.550164,10.134441,-0.00400714,1.86732,7
2195.7769,1277.761,1.7184566,4.430533,7.93168,-0.0040071327,1.837864,4
2637.3174,1235.1074,2.135294,4.939317,8.866316,4.865685e-09,1.8057351,6
2302.8716,1112.9888,2.069088,4.3569646,7.423489,0.0040071253,1.8107587,2
2618.5142,1229.7393,2.1293247,4.9084864,10.303462,0.004007135,1.8267311,6
2071.88,1024.5269,2.0222797,3.9494984,6.336265,-0.0040071327,1.8236909,9
2590.836,1093.6887,2.368897,4.699649,8.536224,0.008014262,1.7982007,5
1647.906,827.2783,1.9919609,3.1571229,6.605278,0.0040071304,1.7930976,1
2642.303,1119.4988,2.3602552,4.7982163,8.424416,0.012021399,1.8245212,6
2813.9443,1281.3936,2.1960032,5.223645,9.826532,0.0,1.8568755,8
2936.0537,1411.9404,2.0794458,5.545911,10.800273,0.004007137,1.7882377,8
2778.7095,1489.1055,1.8660259,5.4436417,9.080602,-0.0040071183,1.813257,2
2849.0095,1239.5464,2.298429,5.214995,10.876792,-4.865685e-09,1.800857,5
2156.2012,963.7251,2.2373612,3.979498,7.465697,-2.4328426e-09,1.7769786,4
2089.7495,1198.6978,1.7433498,4.194448,6.8513827,0.008014265,1.8369467,6
2760.3755,1337.8428,2.0633035,5.2273192,12.237942,-0.004007135,1.8271261,3
2481.9922,1168.3711,2.1243184,4.6560755,8.507236,0.0040071327,1.802109,7
2388.6245,1025.362,2.3295424,4.3545747,9.191793,0.0040071374,1.789474,7
2450.8716,1376.9529,1.779924,4.882429,7.386574,0.008014273,1.8295888,2
2840.9932,1386.7324,2.048696,5.392507,9.797126,0.0040071276,1.8855946,8
2130.534,1324.5491,1.6084975,4.406994,6.4143906,-0.004007134,1.7997239,6
2338.8564,1035.415,2.258859,4.303918,8.709213,-9.73137e-09,1.8263844,7
2915.9697,1430.1191,2.0389698,5.543481,9.420552,0.0040071206,1.7852422,0
1194.0477,884.5055,1.3499608,2.6512158,4.7730045,-0.00801427,1.8293437,1
2143.5867,1290.1448,1.6615087,4.3797593,6.538421,-0.004007135,1.785501,9
1738.1877,1817.7615,0.9562243,4.5356493,5.672095,-0.0040071253,1.8264538,2
2167.7483,1072.5544,2.021108,4.133039,7.0855436,0.00400714,1.8428782,9
1769.0385,894.0094,1.9787694,3.3967447,7.998227,0.0,1.8625907,1
2227.349,1058.9585,2.1033394,4.191719,8.044572,0.008014265,1.7976904,7
1821.2646,1221.169,1.4914109,3.880655,5.7561684,0.008014266,1.8233358,7
2609.7236,1253.362,2.0821786,4.9274054,8.4668045,3.649264e-09,1.8098977,2
1954.0223,1217.7052,1.604676,4.045571,6.807762,2.4328426e-09,1.8156859,4
2863.6592,1261.4004,2.2702222,5.2615557,10.953423,-4.865685e-09,1.8440363,0
2628.9229,1330.6311,1.9756962,5.0504513,9.931456,-0.0040071304,1.8166885,7
2562.767,1092.0881,2.3466668,4.661805,8.971321,-4.865685e-09,1.8100904,9
2111.3276,957.4966,2.2050498,3.9143167,8.209168,-0.0040071276,1.8413812,7
1917.0652,1286.1506,1.4905448,4.0857344,5.4729056,0.008014265,1.8607185,2
2799.391,1475.8208,1.8968368,5.4530764,8.509965,0.0040071253,1.7954905,6
2314.1516,1198.6404,1.9306471,4.4806023,7.3357043,9.73137e-09,1.8371633,2
1538.1824,844.5906,1.8212166,3.0392513,5.6295776,0.004007135,1.7806627,1
2094.73,1240.5054,1.6886102,4.2541265,6.8678255,0.008014257,1.8132623,9
2710.7659,1247.0037,2.1738236,5.0481753,9.730513,0.0040071304,1.8215069,8
2570.7637,1393.9331,1.8442519,5.057011,8.074058,0.004007135,1.810085,2
2518.2412,1256.9065,2.003523,4.8152394,10.535728,0.00400714,1.816247,6
2156.9333,1222.4622,1.7644173,4.3104534,7.298221,0.008014263,1.8010662,6
2257.6663,1051.7227,2.1466365,4.2211595,7.668455,4.865685e-09,1.8565103,6
2789.6567,1308.4478,2.1320353,5.2271743,9.427654,-0.004007134,1.80887,3
2473.4634,1273.0554,1.9429345,4.778723,10.236337,0.0040071374,1.837911,0
2141.6987,1182.2908,1.8114822,4.2397823,6.9925838,0.0040071327,1.8349903,9
2235.1084,1267.501,1.7633978,4.467614,7.202607,0.008014265,1.7892771,8
2176.5928,1288.4468,1.6893152,4.4196935,7.246524,-0.0040071253,1.8224611,8
2702.8535,1386.5898,1.9492812,5.216127,8.382987,-0.0040071304,1.817166,8
2038.4982,1266.3173,1.6097847,4.215326,6.3554506,0.0040071304,1.7916698,9
2508.368,1232.553,2.0350995,4.7715826,8.777409,-0.0040071374,1.8310878,7
2521.867,1173.2952,2.1493883,4.713217,10.33552,-1.2164213e-09,1.8193511,6
2229.032,940.0022,2.371305,4.0421352,7.4470186,-0.0040071304,1.8019542,7
2851.845,1199.8896,2.376756,5.168029,9.015542,0.00801427,1.845107,6
2612.859,1274.1289,2.050702,4.9578924,10.369748,0.008014273,1.8309977,4
1611.6792,980.9487,1.6429801,3.3069234,6.0331473,-0.0040071267,1.8571731,1
1399.9504,763.28174,1.8341202,2.7592247,5.591017,0.0,1.7920706,1
2932.2195,1300.551,2.254598,5.398942,10.242968,0.004007139,1.8241304,0
2920.477,1397.7856,2.0893598,5.507988,10.750593,0.004007135,1.8264624,0
2090.665,960.25684,2.1771936,3.8914819,9.683196,-0.0040071253,1.8016226,1
2217.3364,1412.5945,1.5696907,4.630014,7.66293,-1.0947792e-08,1.7856847,4
1720.7339,1018.355,1.6897191,3.4937358,7.386658,0.0,1.8744246,1
2164.2327,1166.9292,1.8546392,4.248931,7.137911,0.0,1.828072,4
2037.1099,1075.3528,1.8943642,3.9699779,7.101429,-0.012021388,1.8212924,7
2157.9746,1140.5095,1.8921145,4.20725,7.900537,0.0040071276,1.8095874,6
2613.6338,1269.2566,2.0591848,4.9526663,8.669732,0.004007135,1.775197,2
2626.1035,1172.5662,2.2396207,4.845242,9.408182,-0.0040071253,1.8245581,3
2013.855,1225.9294,1.6427169,4.132378,6.2642965,0.0040071304,1.8107753,4
1630.2097,813.23267,2.0046043,3.1166358,6.7824626,-0.008014266,1.8180178,1
2059.8462,1498.416,1.3746824,4.5386,6.030663,4.865685e-09,1.7814094,6
2150.0244,1430.9365,1.5025295,4.567552,6.871937,0.0040071304,1.795258,9
1637.674,1368.3505,1.1968235,3.834215,4.6278954,0.00801428,1.8671324,0
2378.677,991.30493,2.3995411,4.298446,8.09891,-0.004007135,1.8382919,6
2611.6921,1299.55,2.0096896,4.988829,9.90697,-0.0040071304,1.8069808,2
2249.5947,1114.0425,2.0193079,4.290354,8.764324,-0.004007135,1.8184665,4
2242.7764,1331.2998,1.6846516,4.5587707,7.5643387,3.649264e-09,1.818906,9
2776.8772,1338.8303,2.074107,5.249627,10.299684,0.00801427,1.8592433,5
2773.1326,1301.0813,2.131406,5.1967015,9.304236,-0.0040071155,1.7984328,0
1629.7766,916.8867,1.7775114,3.248295,7.0835233,0.0040071304,1.8199679,1
2530.4675,1444.0554,1.7523341,5.069545,7.9490833,-9.73137e-09,1.8177218,8
2964.9136,1525.9287,1.9430224,5.728115,12.328615,-0.008014263,1.7916253,5
2641.948,1221.3245,2.1631827,4.9276433,9.570901,0.0040071253,1.8188177,8
2089.1123,1255.5781,1.6638649,4.2661867,6.2250967,0.004007135,1.7922367,2
1307.9926,821.62585,1.5919564,2.71635,5.562624,9.73137e-09,1.8326685,1
2128.6587,1542.0127,1.3804418,4.6819787,6.2746434,0.004007135,1.7995259,6
2383.3623,1255.9146,1.8977106,4.641935,8.139226,0.008014271,1.8548768,4
2499.8945,1142.6357,2.1878316,4.6460843,8.308016,0.0040071374,1.8157358,5
2261.1267,1246.8704,1.8134418,4.474486,7.2322497,0.0,1.8091277,2
2442.6145,1466.4182,1.6657012,4.986011,7.943489,0.00400714,1.8172494,8
2796.1577,1365.3423,2.0479536,5.308036,11.340734,-0.0040071253,1.837723,2
2387.338,979.9238,2.4362485,4.2949767,7.4120855,-4.865685e-09,1.7746285,6
2397.1833,1094.9551,2.1892984,4.454258,8.308547,0.00801427,1.8333461,7
2040.2726,982.8314,2.075913,3.856,7.794713,-0.0040071374,1.852841,4
2683.67,1232.5715,2.1772935,4.995206,9.128559,0.004007135,1.833967,6
2433.3418,1063.2354,2.28862,4.45992,8.175713,0.0080142645,1.8102359,6
2569.6558,1246.8843,2.0608613,4.868036,7.924522,-9.73137e-09,1.7785103,2
2300.8804,1180.7671,1.9486319,4.440877,7.034416,0.004007134,1.85888,2
2556.0283,1343.6692,1.902275,4.974104,9.573404,-0.0040071304,1.8142004,7
2081.328,1176.3271,1.7693444,4.1551723,6.620942,-9.73137e-09,1.8186046,9
2626.8037,1391.0522,1.8883573,5.1248164,8.59361,0.008014269,1.8205502,3
1874.9885,1153.0471,1.6261162,3.8622904,5.835962,8.51495e-09,1.8350023,4
1813.6807,1582.438,1.1461307,4.331784,5.127625,0.008014275,1.8203189,4
2944.038,1522.8394,1.9332558,5.697548,10.236393,0.008014265,1.8536586,5
2616.7625,1247.9072,2.0969207,4.9294257,9.027266,-3.0410534e-09,1.8429871,2
2807.146,1393.3677,2.0146484,5.357798,9.44932,0.008014268,1.8337054,2
2670.795,1154.3584,2.3136618,4.879022,8.651378,-1.2164213e-09,1.8340073,2
2351.6304,1167.8118,2.0137067,4.4890842,9.472054,0.0040071304,1.8123053,3
2722.1743,1251.5396,2.1750605,5.0685124,9.288128,0.004007135,1.8189263,8
2652.719,1224.0547,2.1671572,4.9448643,8.864313,3.649264e-09,1.7929568,9
2756.499,1331.2429,2.0706205,5.2139564,9.8025465,7.906738e-09,1.8264861,2
1498.0266,857.96265,1.7460278,3.0050883,5.685639,0.0040071253,1.831046,1
1999.9364,1311.5538,1.5248604,4.2238398,5.5867705,-3.649264e-09,1.7975023,3
2176.4075,1097.3467,1.9833363,4.175707,6.355014,0.00801427,1.8368535,3
1793.0004,1117.1857,1.604926,3.711972,6.232067,-2.4328426e-09,1.8265823,7
2190.0107,1282.6152,1.7074573,4.42937,7.228559,-0.0040071253,1.8426609,8
2589.8164,1265.6914,2.0461674,4.9177394,9.704382,-0.00400714,1.8285762,2
2515.379,1290.5327,1.9491012,4.8544793,8.254001,-0.004007135,1.7806135,8
2631.441,1231.3862,2.1369746,4.9270754,9.483921,-0.008014263,1.8272091,4
2542.4888,1337.4705,1.9009682,4.9489274,7.7329283,0.00801428,1.860584,5
1854.1428,1262.2981,1.4688629,3.975052,7.0938106,-7.298528e-09,1.8643731,8
2286.4077,1014.7932,2.2530775,4.2107153,7.184312,0.008014274,1.8220376,6
2397.9365,1046.1416,2.292172,4.3929567,8.35599,-0.004007129,1.8403145,7
2741.5308,1237.1299,2.216041,5.0748224,11.90336,9.73137e-09,1.8288616,2
1563.0308,915.5737,1.7071599,3.1614854,6.050061,0.00801427,1.8306247,1
2182.0771,1089.1045,2.0035517,4.1724257,6.2535715,2.4328426e-09,1.8578407,3
1762.0251,1438.552,1.2248602,4.082369,4.8819127,0.004007135,1.8120164,5
2560.2979,1183.7839,2.1628084,4.7756147,10.257721,0.00801427,1.7993073,4
2679.7114,1271.7585,2.1070914,5.04014,8.44915,0.0040071276,1.7492384,2
2789.4507,1223.7395,2.279448,5.118865,9.566839,0.012021406,1.8248285,5
2530.6655,1290.0562,1.9616709,4.8733697,8.446717,-4.865685e-09,1.8537242,5
1650.3818,1380.5479,1.1954542,3.8659818,5.267117,0.004007135,1.808312,4
2488.3188,1307.6453,1.9029005,4.841791,7.7730975,-0.0040071364,1.8099766,2
2275.6948,1124.209,2.0242631,4.336612,7.1688004,-0.00400714,1.8219439,9
2428.287,1150.0115,2.111533,4.5641565,8.904799,0.012021406,1.8643249,0
2066.4326,1002.1223,2.0620563,3.913973,6.9421835,2.4328426e-09,1.8305948,4
2340.0908,1251.4585,1.8698909,4.581058,8.213191,-0.004007135,1.8586304,8
2337.2349,1377.1113,1.6972011,4.7376866,7.101097,-6.0821065e-10,1.8161335,6
2774.8135,1482.6934,1.8714682,5.4304934,8.767572,0.004007135,1.8045201,8
2455.6016,1158.5808,2.1194909,4.6099267,9.030595,-0.0040071253,1.821613,6
2509.4482,1145.1804,2.1913126,4.661516,10.645787,-1.2164213e-09,1.7717886,6
2084.403,1479.7021,1.408664,4.5460525,6.8124537,-0.0040071253,1.8258198,8
2266.0435,1210.3684,1.8721932,4.434199,7.458898,4.865685e-09,1.7651228,5
2475.7344,1229.8125,2.013099,4.726463,8.984896,-0.004007135,1.8409808,8
2554.4238,1064.2417,2.400229,4.615645,10.455502,0.008014271,1.7811098,6
1345.438,795.3135,1.6917077,2.7305503,5.4758987,9.73137e-09,1.8535192,1
2832.288,1231.7021,2.2994912,5.183661,10.313155,0.004007135,1.8325648,0
2506.3647,1242.669,2.0169208,4.781931,10.445578,2.4328426e-09,1.8057656,7
2130.9805,1211.0742,1.7595787,4.262825,7.5832143,0.0040071374,1.7933111,7
2634.484,1266.3479,2.0803792,4.9755507,10.943836,0.012021395,1.8040637,6
2671.1128,1324.7751,2.0162764,5.096796,11.148979,-0.008014274,1.8259413,0
2523.0056,1472.8186,1.7130457,5.0967145,7.0598674,0.008014265,1.8086408,3
1552.6215,809.70715,1.9175099,3.0131743,5.6291146,0.0040071327,1.8124084,1
1405.1073,820.0604,1.7134192,2.8382242,5.646475,-0.004007135,1.8889452,1
1925.1559,1249.3497,1.5409263,4.049114,6.983029,0.008014268,1.8145622,4
1610.9468,1205.1726,1.3366938,3.591989,4.834579,0.012021406,1.7992464,6
2531.439,1124.0063,2.2521572,4.6625576,9.339334,0.0,1.86115,8
1547.8625,1701.9033,0.9094891,4.1451097,3.7074919,-0.008014278,1.8240824,5
2639.8213,1353.5022,1.9503635,5.093525,7.9573655,-0.004007135,1.8229792,0
1828.7882,1058.9774,1.7269379,3.6833744,5.781833,-0.0040071434,1.7971612,7
1614.0284,865.4901,1.8648722,3.1626513,6.4404917,-9.73137e-09,1.8075244,1
2539.7432,1223.3853,2.0759962,4.7999086,8.400689,0.004007139,1.8095907,3
2193.8242,1373.8262,1.5968717,4.5505743,6.8279424,-0.008014273,1.8203838,9
1430.4355,752.38184,1.9012096,2.784206,5.7680893,0.008014263,1.8407083,1
1798.064,962.855,1.8674297,3.5215802,6.4048676,0.0040071364,1.797945,7
2111.9946,1087.3347,1.9423592,4.080777,7.525527,0.0040071327,1.8273033,4
2555.8901,1195.1626,2.1385293,4.784506,8.445965,0.004007135,1.8308501,3
2641.124,1227.6716,2.1513278,4.9346886,8.743892,-0.008014265,1.8370671,5
2547.653,1158.0994,2.199857,4.726725,9.612695,0.0040071327,1.7884171,6
2516.395,1139.8489,2.2076566,4.6635766,8.62373,0.0040071304,1.8112932,2
2313.1724,1012.2295,2.2852252,4.241584,8.439828,-0.0040071253,1.8101511,7
2962.1514,1342.1592,2.2070045,5.490192,10.672331,0.004007141,1.804374,0
2636.0625,1132.8818,2.3268645,4.807327,10.050662,4.865685e-09,1.8189197,9
2014.0085,1299.7244,1.5495659,4.2267003,6.722983,0.0,1.8385257,4
1664.1467,796.35913,2.0896938,3.1384003,6.6402307,0.0,1.8394237,1
2193.764,990.1819,2.215516,4.0611553,7.733229,0.0080142645,1.8302897,4
2872.1987,1207.6628,2.3783116,5.203905,9.924346,0.008014261,1.8477162,0
2839.9438,1425.5996,1.9921048,5.4407444,10.731178,0.0040071253,1.8172729,3
2798.2085,1302.2598,2.148733,5.2301893,9.0140295,0.0,1.8178477,3
2005.3927,983.4071,2.0392294,3.8122447,6.8703465,0.004007145,1.8522108,7
2219.0742,1098.8916,2.019375,4.232099,7.194846,-4.865685e-09,1.8388488,9
1688.6099,977.3042,1.7278242,3.4004006,6.7044086,-0.008014275,1.8308511,1
2038.2837,1139.9453,1.7880539,4.0538635,6.076119,-0.004007135,1.797577,3
2419.9604,1510.5591,1.6020297,5.0134177,6.7511187,0.0040071304,1.780978,0
2183.161,1305.4119,1.6723924,4.4497104,6.922678,0.0,1.7661288,8
